name;hr;village;slots;gender;type;rarity;defense;fire;thunder;dragon;water;ice;skill_one;skill_one_points;skill_two;skill_two_points;skill_three;skill_three_points;skill_four;skill_four_points;skill_five;skill_five_points;material_one;amount_one;material_two;amount_two;material_three;amount_three;material_four;amount_four
Leather Vest;1;1;0;0;0;1;1;-1;0;1;0;0;Gathering;3;Whim;2;;;;;;;Warm Pelt;1;Monster Bone S;1;;;;
Derring Jacket;1;1;0;0;0;1;1;2;0;1;0;0;Health;-2;Rec Speed;2;Mounting;3;;;;;Monster Bone S;1;Iron Ore;1;;;;
Chainmail Vest;1;1;0;0;0;1;4;2;-2;0;1;1;Health;3;Hunger;1;;;;;;;Iron Ore;2;Warm Pelt;1;;;;
Hunter's Mail;1;1;1;0;1;1;6;0;-3;0;1;0;Combo Rate;2;Ranger;1;Poison;-2;;;;;Iron Ore;2;Jaggi Scale;1;Monster Bone S;2;;
Hunter's Vest;1;1;1;0;2;1;3;1;-2;1;2;1;Combo Rate;2;Ranger;1;Poison;-2;;;;;Iron Ore;2;Jaggi Scale;1;Monster Bone S;2;;
Bone Mail;1;3;1;0;1;1;7;1;-1;0;0;-2;KO;2;Maestro;1;;;;;;;Mystery Bone;2;Jumbo Bone;1;Altaroth Stomach;2;;
Bone Vest;1;3;1;0;2;1;4;2;0;1;1;-1;KO;2;Maestro;1;;;;;;;Mystery Bone;2;Jumbo Bone;1;Altaroth Stomach;2;;
Alloy Mail;1;1;1;0;1;1;8;-1;-2;0;1;-1;Defense;1;Gathering;-2;Wind Res;3;;;;;Machalite Ore;3;Monster Bone S;2;Iron Ore;2;;
Alloy Vest;1;1;1;0;2;1;4;0;-1;1;2;0;Gathering;-2;Pellet Up;2;Pellet S+;2;;;;;Machalite Ore;3;Monster Bone S;2;Iron Ore;2;;
Loc Lac Shawl;1;2;1;0;0;1;5;2;1;0;-3;0;Heat Res;5;Transportr;3;;;;;;;Steel Egg;1;Altaroth Stomach;2;Jaggi Hide;3;;
Bnahabra Suit;1;2;0;0;1;2;10;-4;2;2;-1;-1;Attack;-2;Status;2;Sheathing;2;Paralysis;1;;;Bnahabra Shell;2;Bnahabra Wing;3;Monster Fluid;2;Thunderbug;1
Bnahabra Vest;1;2;0;0;2;2;5;-3;3;3;0;0;Attack;-2;Status;1;Sheathing;3;Paralysis;1;;;Bnahabra Shell;2;Bnahabra Wing;3;Monster Fluid;2;Thunderbug;1
Slagtoth Cloak;2;3;0;0;1;2;10;-2;0;1;2;-1;Health;8;Rec Speed;2;;;;;;;Slagtoth Hide;4;Machalite Ore;2;Warm Pelt;3;;
Slagtoth Wrap;2;3;0;0;2;2;5;-1;1;2;3;0;Health;8;Rec Speed;2;;;;;;;Slagtoth Hide;4;Machalite Ore;2;Warm Pelt;3;;
Rhenoplos Mail;1;3;1;0;1;2;8;1;-1;1;-1;-1;KO;1;Stun;-2;Mud/Snow;2;;;;;Rhenoplos Scalp;1;Rhenoplos Shell;2;Earth Crystal;2;;
Rhenoplos Vest;1;3;1;0;2;2;4;2;0;2;0;0;KO;1;Stun;-2;Mud/Snow;2;;;;;Rhenoplos Scalp;1;Rhenoplos Shell;2;Earth Crystal;2;;
Remobra Suit;3;-1;1;0;1;2;15;1;2;-3;-2;1;FreeElemnt;2;Blight Res;-1;Poison;2;;;;;Remobra Hide;4;Rathalos Webbing;2;Glueglopper;4;Vermin Coin;1
Remobra Wear;3;-1;1;0;2;2;8;2;3;-2;-1;2;FreeElemnt;2;Blight Res;-1;Poison;2;;;;;Remobra Hide;4;Rathalos Webbing;2;Glueglopper;4;Vermin Coin;1
Jaggi Mail;1;2;0;0;1;2;10;-2;0;1;0;0;Sharpener;1;LastingPwr;-1;Stun;2;;;;;King's Frill;1;G.Jaggi Claw;2;Jaggi Hide;3;Iron Ore;3
Jaggi Vest;1;2;0;0;2;2;5;-1;1;2;1;1;Reload Spd;1;LastingPwr;-1;Stun;2;;;;;King's Frill;1;G.Jaggi Claw;2;Jaggi Hide;3;Iron Ore;3
Genprey Mail;2;3;1;0;1;2;12;1;-2;2;1;-3;Status;2;Paralysis;1;;;;;;;Genprey Hide;3;Genprey Scale;2;Paralysis Sac;1;Iron Ore;3
Genprey Vest;2;3;1;0;2;2;6;2;-1;3;2;-2;Status;2;Paralysis;1;;;;;;;Genprey Hide;3;Genprey Scale;2;Paralysis Sac;1;Iron Ore;3
Ioprey Mail;3;5;2;0;1;2;15;0;-3;2;-3;2;Status;2;Poison;1;Stun;-2;;;;;Ioprey Hide;2;Poison Sac;3;Ioprey Scale;2;Machalite Ore;3
Ioprey Vest;3;5;2;0;2;2;8;1;-2;3;-2;3;Status;2;Poison;1;Stun;-2;;;;;Ioprey Hide;2;Poison Sac;3;Ioprey Scale;2;Machalite Ore;3
Lagombi Mail;2;4;1;0;1;2;15;-2;-1;2;2;2;Evade Dist;2;Heat Res;-1;Cold Res;2;;;;;Lagombi Plastron;2;Lagombi Pelt;2;Jaggi Scale;4;Killer Beetle;3
Lagombi Vest;2;4;1;0;2;2;8;-1;0;3;3;3;Evade Dist;2;Heat Res;-1;Cold Res;2;;;;;Lagombi Plastron;2;Lagombi Pelt;2;Jaggi Scale;4;Killer Beetle;3
Kecha Mail;1;3;2;0;1;2;14;-3;-2;2;2;0;Fate;-1;Water Atk;1;Whim;1;;;;;Kecha Ear;1;Kecha Talon;1;Kecha Pelt;2;Glueglopper;2
Kecha Vest;1;3;2;0;2;2;7;-2;-1;3;3;1;Fate;-1;Water Atk;1;Whim;1;;;;;Kecha Ear;1;Kecha Talon;1;Kecha Pelt;2;Glueglopper;2
Conga Mail;2;4;0;0;1;2;14;-3;1;2;1;-1;Biology;3;Gluttony;1;Hunger;-2;;;;;Congalala Pelt;2;Conga Pelt;4;Brute Bone;2;Glueglopper;3
Conga Vest;2;4;0;0;2;2;7;-2;2;3;2;0;Biology;3;Gluttony;1;Hunger;-2;;;;;Congalala Pelt;2;Conga Pelt;4;Brute Bone;2;Glueglopper;3
Gypceros Mail;1;3;1;0;1;2;14;-4;2;0;1;-2;Stamina;2;Hunger;-2;Poison;3;;;;;Poison Sac;1;Earth Crystal;1;Rubbery Hide;2;Machalite Ore;2
Gypceros Vest;1;3;1;0;2;2;7;-3;3;1;2;-1;Stamina;2;Hunger;-2;Poison;3;;;;;Poison Sac;1;Earth Crystal;1;Rubbery Hide;2;Machalite Ore;2
Tetsucabra Mail;1;3;0;0;1;2;16;2;-2;1;-3;0;Defense;1;Gathering;-3;Health;4;;;;;Tetsucabra Scale;2;Tetsucabra Claw;1;Rhenoplos Shell;3;Glueglopper;2
Tetsucabra Vest;1;3;0;0;2;2;8;3;-1;2;-2;1;Defense;1;Gathering;-3;Health;4;;;;;Tetsucabra Scale;2;Tetsucabra Claw;1;Rhenoplos Shell;3;Glueglopper;2
Nerscylla Mail;2;4;1;0;1;2;19;-2;-2;2;2;1;Perception;3;Hunger;-2;SpeedSetup;1;Sleep;1;;;Nerscylla Spike;1;Nerscylla Chelicera;2;Nerscylla Shell;1;Monster Bone M;3
Nerscylla Vest;2;4;1;0;2;2;9;-1;-1;3;3;2;Perception;2;Hunger;-2;SpeedSetup;2;Sleep;1;;;Nerscylla Spike;1;Nerscylla Chelicera;2;Nerscylla Shell;1;Monster Bone M;3
Zamtrios Mail;2;4;1;0;1;2;20;-2;-3;0;2;2;Health;2;Ice Atk;1;Carnivore;3;Hunger;-2;;;Zamtrios Hide;3;Zamtrios Fin;2;Zamtrios Scale;2;Meaty Hide;3
Zamtrios Vest;2;4;1;0;2;2;10;-1;-2;1;3;3;Health;2;Ice Atk;1;Carnivore;3;Hunger;-2;;;Zamtrios Hide;3;Zamtrios Fin;2;Zamtrios Scale;2;Meaty Hide;3
Najarala Mail;2;4;1;0;1;2;20;1;0;1;-2;-4;Tranquilzr;1;Hearing;3;Whim;-2;Paralysis;1;;;Najarala Sounder;2;Najarala Hide;3;Najarala Shell;3;Genprey Hide;3
Najarala Vest;2;4;1;0;2;2;10;2;1;2;-1;-3;Tranquilzr;1;Hearing;2;Whim;-2;Paralysis;2;;;Najarala Sounder;2;Najarala Hide;3;Najarala Shell;3;Genprey Hide;3
Khezu Mail;2;4;2;0;1;2;19;-4;1;1;1;2;ThunderAtk;2;Rec Level;1;Stun;-2;;;;;Flabby Hide;2;Iron Ore;8;Sharp Claw;2;Monster Fluid;2
Khezu Vest;2;4;2;0;2;2;10;-3;2;2;2;3;ThunderAtk;2;Rec Level;1;Stun;-2;;;;;Flabby Hide;2;Iron Ore;8;Sharp Claw;2;Monster Fluid;2
Rathian Mail;2;4;0;0;1;2;19;2;-2;-3;0;0;Health;4;Fire Atk;2;Rec Speed;-2;;;;;Rathian Scale;4;Rathian Webbing;3;Rath Marrow;1;Machalite Ore;5
Rathian Vest;2;4;0;0;2;2;10;3;-1;-2;1;1;Health;4;Fire Atk;2;Rec Speed;-2;;;;;Rathian Scale;4;Rathian Webbing;3;Rath Marrow;1;Machalite Ore;5
Velociprey Mail;1;2;0;0;1;2;13;0;0;2;0;-4;Attack;2;Psychic;3;Paralysis;-2;Stun;2;;;Velocidrome Claw;2;Screamer Sac;2;Velociprey Hide;3;Glueglopper;2
Velociprey Vest;1;2;0;0;2;2;7;1;1;3;1;-3;Attack;2;Psychic;3;Paralysis;-2;Stun;2;;;Velocidrome Claw;2;Screamer Sac;2;Velociprey Hide;3;Glueglopper;2
Kut-Ku Mail;1;2;1;0;1;2;16;2;-2;2;-1;-3;Attack;2;Fire Atk;3;Water Res;-2;;;;;Kut-Ku Scale;2;Kut-Ku Shell;3;Kut-Ku Webbing;1;Monster Bone S;3
Kut-Ku Vest;1;2;1;0;2;2;8;3;-1;3;0;-2;Attack;2;Fire Atk;3;Water Res;-2;;;;;Kut-Ku Scale;2;Kut-Ku Shell;3;Kut-Ku Webbing;1;Monster Bone S;3
Basarios Mail;2;3;0;0;1;2;18;0;1;-3;-2;1;Heat Res;2;Poison;1;Paralysis;-1;Sleep;4;;;Basarios Shell;5;Machalite Ore;7;Poison Sac;3;Basarios Wing;1
Basarios Vest;2;3;0;0;2;2;9;1;2;-2;-1;2;Heat Res;2;Poison;1;Paralysis;-1;Sleep;4;;;Basarios Shell;5;Machalite Ore;7;Poison Sac;3;Basarios Wing;1
Arzuros Mail;-1;3;1;0;1;2;13;-2;0;1;1;-1;Speed Gatherer;2;Gluttony;2;Hunger;-1;Honey;1;;;Arzuros Pelt;3;Arzuros Shell;1;Flashbug;2;;
Arzuros Vest;-1;3;1;0;2;2;7;-1;1;2;2;0;Speed Gatherer;2;Gluttony;2;Hunger;-1;Honey;1;;;Arzuros Pelt;3;Arzuros Shell;1;Flashbug;2;;
Ludroth Mail;-1;3;1;0;1;2;15;-3;-1;1;2;-1;Stamina;2;Water Atk;2;ThunderRes;-2;Heat Res;2;;;Spongy Hide;2;Royal Ludroth Claw;1;Velociprey Hide;3;Earth Crystal;3
Ludroth Vest;-1;3;1;0;2;2;7;-2;0;2;3;0;Stamina;2;Water Atk;2;ThunderRes;-2;Heat Res;2;;;Spongy Hide;2;Royal Ludroth Claw;1;Velociprey Hide;3;Earth Crystal;3
Barroth Mail;-1;4;0;0;1;2;18;-4;1;0;4;-2;Attack;1;Defense;3;Guard;2;Hunger;-2;;;Barroth Scalp;1;Barroth Shell;2;Killer Beetle;2;;
Barroth Vest;-1;4;0;0;2;2;8;-3;2;1;5;-1;Attack;1;Defense;3;Precision;2;Hunger;-2;;;Barroth Scalp;1;Barroth Shell;2;Killer Beetle;2;;
Nibelsnarf Mail;-1;5;1;0;1;2;21;2;-2;1;0;-4;Sheathing;1;Eating;2;;;;;;;Nibelsnarf Hide;4;Monster Fluid;1;Monster Bone L;3;;
Nibelsnarf Vest;-1;5;1;0;2;2;10;3;-1;2;1;-3;Sheathing;1;Eating;1;;;;;;;Nibelsnarf Hide;4;Monster Fluid;1;Monster Bone L;3;;
Ceanataur Mail;-1;5;0;0;1;2;21;1;-1;0;2;-1;Sharpness;2;Sharpener;1;;;;;;;Ceanataur Shell;2;Earth Crystal;4;Killer Beetle;1;;
Ceanataur Vest;-1;5;2;0;2;2;10;2;0;1;3;0;Defense;-1;Pierce S+;1;Precision;3;;;;;Ceanataur Shell;2;Earth Crystal;4;Killer Beetle;1;;
High Metal Mail;2;4;0;0;1;2;14;-2;3;0;-2;-1;Artillery;2;Health;4;Stamina;-2;;;;;Dragonite Ore;2;Machalite Ore;4;Iron Ore;3;Velociprey Hide;2
High Metal Vest;2;4;0;0;2;2;7;-1;4;1;-1;0;Artillery;2;Health;4;Stamina;-2;;;;;Dragonite Ore;2;Machalite Ore;4;Iron Ore;3;Velociprey Hide;2
Battle Mail;3;5;0;0;1;2;14;2;-2;0;-2;-1;Attack;1;Hearing;-2;Guard;2;Sharpener;4;;;Remobra Hide;2;Warm Pelt;2;Genprey Scale;5;Earth Crystal;3
Battle Vest;3;5;0;0;2;2;7;3;-1;1;-1;0;Reload Spd;4;Attack;1;Hearing;-2;Guard Boost;2;;;Remobra Hide;2;Warm Pelt;2;Genprey Scale;5;Earth Crystal;3
Gore Mail;3;5;0;0;1;3;21;-4;-3;-2;2;1;Biology;2;Handicraft;2;Spirit;2;Fire Res;-3;;;Gore Magala Scale;3;Gore Magala Wing;2;Gore Magala Shell;3;Gore Magala Tail;1
Gore Vest;3;5;0;0;2;3;11;-3;-2;-1;3;2;Biology;2;Spirit;2;Loading;2;Fire Res;-3;;;Gore Magala Scale;3;Gore Magala Wing;2;Gore Magala Shell;3;Gore Magala Tail;1
Rathalos Mail;3;5;0;0;1;3;23;2;-2;-3;0;0;Attack;2;Fire Atk;2;Rec Level;-2;;;;;Rathalos Shell;2;Rathalos Scale;4;Rathalos Webbing;3;Dragonite Ore;3
Rathalos Vest;3;5;0;0;2;3;12;3;-1;-2;1;1;Attack;2;Fire Atk;1;Rec Level;-2;;;;;Rathalos Shell;2;Rathalos Scale;4;Rathalos Webbing;3;Dragonite Ore;3
Tigrex Mail;3;5;2;0;1;3;22;2;-4;-2;-1;0;Attack;2;Sharpener;-2;Gluttony;1;;;;;Tigrex Claw;5;Tigrex Shell;3;Tigrex Tail;1;Meaty Hide;6
Tigrex Vest;3;5;2;0;2;3;11;3;-3;-1;0;1;Recoil;-2;Attack;2;Gluttony;1;;;;;Tigrex Claw;5;Tigrex Shell;3;Tigrex Tail;1;Meaty Hide;6
Zinogre Mail;3;5;0;0;1;3;21;0;2;1;-2;-4;Gloves Off;3;ThunderAtk;1;Sense;-2;;;;;Zinogre Shockfur;1;Zinogre Shell;2;Zinogre Shocker;2;Thunderbug;10
Zinogre Vest;3;5;0;0;2;3;10;1;3;2;-1;-3;Gloves Off;3;ThunderAtk;1;Sense;-2;;;;;Zinogre Shockfur;1;Zinogre Shell;2;Zinogre Shocker;2;Thunderbug;10
Seltas Mail;3;5;1;0;1;3;21;-3;-1;2;2;-2;Artillery;3;Sharpness;2;Stam Recov;-2;;;;;S.Queen Pectus;4;S.Queen Crescent;3;S.Queen Shell;2;Altaroth Stomach;4
Seltas Vest;3;5;1;0;2;3;10;-2;0;3;3;-1;Artillery;3;Crag S+;2;Stam Recov;-2;;;;;S.Queen Pectus;4;S.Queen Crescent;3;S.Queen Shell;2;Altaroth Stomach;4
Gravios Mail;3;5;2;0;1;3;23;2;0;-2;-3;1;Defense;2;Guard;1;Stamina;-1;;;;;Gravios Shell;5;Gravios Wing;3;Monster Bone+;3;Iodrome Hide;2
Gravios Vest;3;5;2;0;2;3;12;3;1;-1;-2;2;Recoil;1;Defense;2;Stamina;-1;;;;;Gravios Shell;5;Gravios Wing;3;Monster Bone+;3;Iodrome Hide;2
Brachydios Mail;3;6;1;0;1;3;22;2;0;0;-4;-2;Spirit;3;Evasion;-2;Bomb Boost;2;;;;;Brach Shell;4;Brach Ebonshell;3;Lightcrystal;4;Gravios Wing;2
Brachydios Vest;3;6;1;0;2;3;11;3;1;1;-3;-1;Spirit;3;Evasion;-2;Bomb Boost;2;;;;;Brach Shell;4;Brach Ebonshell;3;Lightcrystal;4;Gravios Wing;2
Gloaming Plate;4;6;1;1;1;3;26;2;-3;-3;1;2;PunishDraw;1;Expert;2;Potential;-3;Stamina;2;;;D.Mohran Shell;6;Brutal Horn;4;Dah'renstone;2;Sharp Fang;5
Dayspring Plate;4;6;1;1;2;3;13;3;-2;-2;2;3;Reload Spd;-3;Stamina;2;Unscathed;1;Pierce Up;2;;;D.Mohran Shell;6;Brutal Horn;4;Dah'renstone;2;Sharp Fang;5
Adamance Plate;4;6;1;2;1;3;26;2;-3;-3;1;2;PunishDraw;1;Expert;2;Potential;-3;Stamina;2;;;D.Mohran Shell;6;Brutal Horn;4;Dah'renstone;2;Sharp Fang;5
Epoch Plate;4;6;1;2;2;3;13;3;-2;-2;2;3;Reload Spd;-3;Stamina;2;Unscathed;1;Pierce Up;2;;;D.Mohran Shell;6;Brutal Horn;4;Dah'renstone;2;Sharp Fang;5
Arc Mail;7;6;1;1;1;3;24;-3;0;-5;3;1;Gloves Off;2;Fire Res;-3;Frenzy Res;2;;;;;S.Magala Scale;3;S.Magala Prismwing;2;S.Magala Shell;3;S.Magala Tail;1
Arc Vest;7;6;1;1;2;3;12;-2;1;-4;4;2;Gloves Off;2;Fire Res;-3;Frenzy Res;2;;;;;S.Magala Scale;3;S.Magala Prismwing;2;S.Magala Shell;3;S.Magala Tail;1
Storge Mail;7;6;1;2;1;3;24;-3;0;-5;3;1;Gloves Off;2;Fire Res;-3;Frenzy Res;2;;;;;S.Magala Scale;3;S.Magala Prismwing;2;S.Magala Shell;3;S.Magala Tail;1
Storge Vest;7;6;1;2;2;3;12;-2;1;-4;4;2;Gloves Off;2;Fire Res;-3;Frenzy Res;2;;;;;S.Magala Scale;3;S.Magala Prismwing;2;S.Magala Shell;3;S.Magala Tail;1
Garuga Mail;3;5;1;0;1;3;24;1;1;0;-3;-2;Fencing;-1;Expert;1;Hearing;4;;;;;Garuga Scale;4;Garuga Shell;5;Garuga Wing;3;Gendrome Hide;2
Garuga Vest;3;5;1;0;2;3;12;2;2;1;-2;-1;Expert;1;Hearing;4;Stamina;-1;;;;;Garuga Scale;4;Garuga Shell;5;Garuga Wing;3;Gendrome Hide;2
Kirin Jacket;3;6;1;0;1;3;26;-2;4;2;-2;0;Blight Res;2;Fate;-2;Elemental;3;;;;;Kirin Hide;3;Flabby Hide;3;Rubbery Hide;2;Lightcrystal;1
Kirin Cape;3;6;1;0;2;3;13;-1;5;3;-1;1;Blight Res;2;Fate;-2;Elemental;3;;;;;Kirin Hide;3;Flabby Hide;3;Rubbery Hide;2;Lightcrystal;1
Nargacuga Mail;5;8;1;0;1;3;22;-2;-4;1;1;1;Handicraft;1;Evasion;3;Stamina;-2;Evade Dist;2;;;Nargacuga Blackfur;2;Nargacuga Marrow;1;Pearl Hide;6;;
Nargacuga Vest;5;8;1;0;2;3;11;-1;-3;2;2;2;Evasion;3;Stamina;-2;Evade Dist;2;Loading;1;;;Nargacuga Blackfur;2;Nargacuga Marrow;1;Pearl Hide;6;;
Uragaan Mail;-1;5;1;0;1;3;24;2;1;-2;-4;-1;Defense;2;Stamina;-1;Stam Drain;2;;;;;Uragaan Scute;1;Konchu Shell;2;Monster Bone+;3;;
Uragaan Vest;-1;5;1;0;2;3;12;3;2;-1;-3;0;Defense;2;Stamina;-1;Normal Up;2;;;;;Uragaan Scute;1;Konchu Shell;2;Monster Bone+;3;;
Duramboros Mail;-1;6;2;0;1;3;24;-4;1;1;2;-2;Attack;1;Expert;-1;Rec Speed;2;;;;;Duramboros Horn;2;Monster Bone+;2;Warm Pelt;4;;
Duramboros Vest;-1;6;2;0;2;3;12;-3;2;2;3;-1;Attack;1;Expert;-1;Rec Speed;2;;;;;Duramboros Horn;2;Monster Bone+;2;Warm Pelt;4;;
Lava Mail;-1;6;2;0;1;3;23;2;0;1;-3;0;Guard;2;Rec Speed;2;Sense;-2;;;;;Lavasioth Scale;2;Lavasioth Fin;3;Flame Sac;2;;
Lava Vest;-1;6;2;0;2;3;12;3;1;2;-2;1;Recoil;2;Rec Speed;2;Sense;-2;;;;;Lavasioth Scale;2;Lavasioth Fin;3;Flame Sac;2;;
Diablos Mail;-1;6;1;0;1;3;23;2;0;0;0;-4;Handicraft;2;Crit Draw;2;Sharpener;-2;Sheathing;1;Tremor Res;2;Majestic Horn;1;Diablos Shell;3;Slagtoth Hide;3;;
Diablos Vest;-1;6;1;0;2;3;12;3;1;1;1;-3;Reload Spd;3;Sheathing;1;Loading;2;Pierce Up;1;Precision;-2;Majestic Horn;1;Diablos Shell;3;Slagtoth Hide;3;;
Auroros Torso;-1;6;1;1;1;3;26;-2;0;-4;2;2;Fencing;1;Stamina;-2;Protection;3;;;;;Lao-Shan Shell;4;Firestone;2;Tigrex Scalp;1;;
Genesis Torso;-1;6;1;1;2;3;13;-1;1;-3;3;3;Stamina;-2;Loading;2;Protection;3;;;;;Lao-Shan Shell;4;Firestone;2;Tigrex Scalp;1;;
Borealis Chest;-1;6;1;2;1;3;26;-2;0;-4;2;2;Fencing;1;Stamina;-2;Protection;3;;;;;Lao-Shan Shell;4;Firestone;2;Tigrex Scalp;1;;
Glyph Chest;-1;6;1;2;2;3;13;-1;1;-3;3;3;Stamina;-2;Loading;2;Protection;3;;;;;Lao-Shan Shell;4;Firestone;2;Tigrex Scalp;1;;
Artian Mail;3;5;1;0;1;3;20;0;-3;2;-3;1;Guard Boost;5;Sharpener;-3;Stam Recov;1;;;;;Rusted Fragment;5;Firestone;2;Dragonite Ore;4;;
Artian Vest;3;5;1;0;2;3;10;1;-2;3;-2;2;Reload Spd;-3;Recoil;1;Precision;5;;;;;Rusted Fragment;5;Firestone;2;Dragonite Ore;4;;
Ingot Mail;3;5;1;0;1;3;18;-2;2;0;-2;0;Guard Boost;1;Sheathing;1;ThunderAtk;2;Whim;-2;;;Firestone;1;Dragonite Ore;4;Iron Ore;8;Ice Crystal;3
Ingot Vest;3;5;1;0;2;3;8;-1;3;1;-1;1;Recoil;1;Pellet Up;1;ThunderAtk;2;Whim;-2;;;Firestone;1;Dragonite Ore;4;Iron Ore;8;Ice Crystal;3
Bnahabra Suit S;4;7;0;0;1;4;33;-5;2;3;-1;-1;Attack;-2;Status;2;Sheathing;2;Paralysis;1;;;Bnahabra Carapace;2;Bnahabra Shell;3;Monster Broth;2;Hercudrome;2
Bnahabra Vest S;4;7;0;0;2;4;16;-4;3;4;0;0;Attack;-2;Status;1;Sheathing;3;Paralysis;1;;;Bnahabra Carapace;2;Bnahabra Shell;3;Monster Broth;2;Hercudrome;2
Slagtoth Cloak S;4;7;0;0;1;4;36;-4;0;2;3;-2;Health;8;Rec Speed;3;;;;;;;Slagtoth Hide+;2;Slagtoth Hide;5;High-quality Pelt;2;;
Slagtoth Wrap S;4;7;0;0;2;4;18;-3;1;3;4;-1;Health;8;Rec Speed;3;;;;;;;Slagtoth Hide+;2;Slagtoth Hide;5;High-quality Pelt;2;;
Rhenoplos Mail S;4;7;1;0;1;4;31;2;-1;1;-1;-1;Artillery;1;KO;1;Stun;-3;Mud/Snow;2;;;Rhenoplos Carapace;1;Rhenoplos Scalp;1;Carbalite Ore;2;;
Rhenoplos Vest S;4;7;1;0;2;4;15;3;0;2;0;0;Artillery;2;KO;1;Stun;-3;Mud/Snow;2;;;Rhenoplos Carapace;1;Rhenoplos Scalp;1;Carbalite Ore;2;;
Remobra Suit S;5;-1;2;0;1;4;40;2;3;-4;-3;2;FreeElemnt;2;Blight Res;-1;Stam Drain;2;;;;;Remobra Hide+;3;Remobra Hide;4;Rathalos Wing;2;Toad Coin;1
Remobra Wear S;5;-1;2;0;2;4;20;3;4;-3;-2;3;FreeElemnt;2;Blight Res;-1;Stam Drain;2;;;;;Remobra Hide+;3;Remobra Hide;4;Rathalos Wing;2;Toad Coin;1
Jaggi Mail S;4;7;1;0;1;4;36;-4;0;2;0;0;Attack;2;Sharpener;1;LastingPwr;-2;Stun;2;;;G.Jaggi Claw+;4;G.Jaggi Hide+;4;Jaggi Hide;3;Carbalite Ore;2
Jaggi Vest S;4;7;1;0;2;4;18;-3;1;3;1;1;Reload Spd;1;Attack;2;LastingPwr;-2;Stun;2;;;G.Jaggi Claw+;4;G.Jaggi Hide+;4;Jaggi Hide;3;Carbalite Ore;2
Genprey Mail S;4;7;2;0;1;4;36;1;-3;3;1;-5;Status;2;Paralysis;1;;;;;;;Gendrome Tail;2;Genprey Scale+;2;Paralysis Sac;2;Quality Stomach;3
Genprey Vest S;4;7;2;0;2;4;18;2;-2;4;2;-4;Status;2;Paralysis;1;;;;;;;Gendrome Tail;2;Genprey Scale+;2;Paralysis Sac;2;Quality Stomach;3
Ioprey Mail S;5;8;2;0;1;4;44;0;-4;3;-4;3;Status;2;Poison;1;Stun;-2;;;;;Ioprey Scale+;2;Ioprey Hide+;3;Carbalite Ore;4;Stoutbone;3
Ioprey Vest S;5;8;2;0;2;4;22;1;-3;4;-3;4;Status;2;Poison;1;Stun;-2;;;;;Ioprey Scale+;2;Ioprey Hide+;3;Carbalite Ore;4;Stoutbone;3
Lagombi Mail S;5;8;1;0;1;4;45;-3;-1;2;2;2;Evade Dist;2;LastingPwr;2;Heat Res;-2;Cold Res;2;;;Lagombi Plastron+;3;Lagombi Pelt+;3;Jaggi Scale+;6;Dragonite Ore;4
Lagombi Vest S;5;8;1;0;2;4;22;-2;0;3;3;3;Evade Dist;2;LastingPwr;2;Heat Res;-2;Cold Res;2;;;Lagombi Plastron+;3;Lagombi Pelt+;3;Jaggi Scale+;6;Dragonite Ore;4
Kecha Mail S;4;7;2;0;1;4;43;-5;-3;3;3;0;Fate;-1;Water Atk;1;Constitutn;1;Whim;1;;;Kecha Ear+;2;Kecha Pelt+;2;Stoutbone;1;Hercudrome;2
Kecha Vest S;4;7;2;0;2;4;21;-4;-2;4;4;1;Fate;-1;Water Atk;1;Constitutn;1;Whim;1;;;Kecha Ear+;2;Kecha Pelt+;2;Stoutbone;1;Hercudrome;2
Conga Mail S;4;7;0;0;1;4;38;-4;1;3;1;-1;Biology;3;Status;1;Gluttony;2;Hunger;-2;;;Congalala Pelt+;3;Conga Pelt+;4;Brute Bone;6;Hercudrome;3
Conga Vest S;4;7;0;0;2;4;19;-3;2;4;2;0;Biology;3;Status;1;Gluttony;2;Hunger;-2;;;Congalala Pelt+;3;Conga Pelt+;4;Brute Bone;6;Hercudrome;3
Velociprey Mail S;4;7;1;0;1;4;38;0;0;3;0;-5;Handicraft;2;Attack;3;Paralysis;-2;Stun;2;;;Velocidrome Claw+;4;Velociprey Hide+;3;Tough Bird Wyv Hide;3;Carbalite Ore;2
Velociprey Vest S;4;7;1;0;2;4;19;1;1;4;1;-4;Attack;2;Loading;1;Paralysis;-2;Stun;2;;;Velocidrome Claw+;4;Velociprey Hide+;3;Tough Bird Wyv Hide;3;Carbalite Ore;2
Kut-Ku Mail S;4;-1;2;0;1;4;43;3;-2;2;0;-4;Attack;3;Fire Res;4;;;;;;;Kut-Ku Scale+;2;Kut-Ku Carapace;3;Kut-Ku Webbing;1;Monster Bone+;3
Kut-Ku Vest S;4;-1;2;0;2;4;21;4;-1;3;1;-3;Attack;3;Fire Res;4;;;;;;;Kut-Ku Scale+;2;Kut-Ku Carapace;3;Kut-Ku Webbing;1;Monster Bone+;3
Vespoid Mail;4;-1;1;0;1;4;36;-5;2;2;-5;-4;Status;2;Poison;-2;Paralysis;2;;;;;Vespoid Innerwing;5;Bnahabra Wing;6;Quality Stomach;2;;
Vespoid Vest;4;-1;1;0;2;4;18;-4;3;3;-4;-3;Status;2;Poison;-2;Paralysis;2;;;;;Vespoid Innerwing;5;Bnahabra Wing;6;Quality Stomach;2;;
Cephalos Mail;4;7;2;0;1;4;40;-3;-4;0;2;2;Psychic;2;Heat Res;2;Hunger;2;Stun;-1;;;Cephalos Scale+;2;Cephalos Fin+;2;Lightcrystal;2;Iron Ore;10
Cephalos Vest;4;7;2;0;2;4;20;-2;-3;1;3;3;Psychic;3;Heat Res;2;Hunger;2;Stun;-1;;;Cephalos Scale+;2;Cephalos Fin+;2;Lightcrystal;2;Iron Ore;10
Volvidon Mail;5;-1;1;0;1;4;47;1;0;1;-3;-1;Biology;3;Evasion;2;Cold Res;-3;Tremor Res;1;;;Volvidon Carapace;4;Stoutbone;2;Carbalite Ore;3;;
Volvidon Vest;5;-1;1;0;2;4;24;2;1;2;-2;0;Biology;3;Evasion;2;Cold Res;-3;Tremor Res;1;;;Volvidon Carapace;4;Stoutbone;2;Carbalite Ore;3;;
Hermitaur Mail;4;7;2;0;1;4;40;-3;-4;1;3;0;Defense;1;Guard;2;ThunderRes;-2;;;;;Hermitaur Carapace;3;Hermitaur Claw+;1;Hercudrome;3;Stoutbone;3
Hermitaur Vest;4;7;2;0;2;4;20;-2;-3;2;4;1;Defense;1;Precision;2;ThunderRes;-2;;;;;Hermitaur Carapace;3;Hermitaur Claw+;1;Hercudrome;3;Stoutbone;3
Qurupeco Mail;4;7;1;0;1;4;36;2;0;0;-1;-3;Ice Res;-2;Perception;2;Wide-Range;2;Maestro;2;;;Seltas Innerwing;3;Vivid Feather;1;Monster Broth;2;;
Qurupeco Vest;4;7;1;0;2;4;18;3;1;1;0;-2;Ice Res;-2;Perception;2;Wide-Range;2;Maestro;2;;;Seltas Innerwing;3;Vivid Feather;1;Monster Broth;2;;
Plesioth Mail;-1;4;0;0;1;4;20;-4;-5;2;3;2;Tranquilzr;3;Stamina;2;Heat Res;3;SpeedSetup;1;;;Plesioth Fin;3;Sharqskin Scale;2;Monster Fluid;2;;
Plesioth Vest;-1;4;0;0;2;4;10;-3;-4;3;4;3;Tranquilzr;3;Stamina;2;Heat Res;3;SpeedSetup;1;;;Plesioth Fin;3;Sharqskin Scale;2;Monster Fluid;2;;
Leather Mail S;4;7;1;0;1;4;22;-2;0;2;0;0;Gathering;3;Fate;-1;Speed Gatherer;2;;;;;High-quality Pelt;1;Monster Bone+;2;Carbalite Ore;1;;
Leather Vest S;4;7;1;0;2;4;11;-1;1;3;1;1;Gathering;3;Fate;-1;Speed Gatherer;2;;;;;High-quality Pelt;1;Monster Bone+;2;Carbalite Ore;1;;
Derring Mail S;4;7;0;0;1;4;18;3;0;2;0;0;Gathering;2;Health;-1;Rec Speed;2;Mounting;2;;;Heavenly Crystal;2;High-quality Pelt;1;Velociprey Hide+;2;Iron Ore;8
Derring Vest S;4;7;0;0;2;4;9;4;1;3;1;1;Gathering;2;Health;-1;Rec Speed;2;Mounting;2;;;Heavenly Crystal;2;High-quality Pelt;1;Velociprey Hide+;2;Iron Ore;8
Chainmail Armor S;4;7;2;0;1;4;23;2;-3;0;2;1;Health;2;Combo Rate;2;Hunger;1;Sleep;-2;;;Carbalite Ore;2;Dragonite Ore;1;Earth Crystal;2;Hercudrome;2
Chainmail Vest S;4;7;2;0;2;4;11;3;-2;1;3;2;Health;2;Combo Rate;2;Hunger;1;Sleep;-2;;;Carbalite Ore;2;Dragonite Ore;1;Earth Crystal;2;Hercudrome;2
Hunter's Mail S;4;7;1;0;1;4;26;0;-4;0;2;0;Psychic;1;Combo Rate;2;Ranger;1;Poison;-2;;;Carbalite Ore;1;Jaggi Scale+;3;Ice Crystal;3;Iron Ore;5
Hunter's Vest S;4;7;1;0;2;4;13;1;-3;1;3;1;Psychic;1;Combo Rate;1;Ranger;1;Poison;-2;;;Carbalite Ore;1;Jaggi Scale+;3;Ice Crystal;3;Iron Ore;5
Bone Mail S;4;7;0;0;1;4;27;2;-1;0;0;-3;KO;2;Perception;1;Maestro;1;Sleep;-2;;;Stoutbone;1;Monster Bone S;5;Sharp Fang;5;;
Bone Vest S;4;7;0;0;2;4;13;3;0;1;1;-2;KO;2;Perception;1;Maestro;1;Sleep;-2;;;Stoutbone;1;Monster Bone S;5;Sharp Fang;5;;
Alloy Mail S;4;7;0;0;1;4;28;-1;-3;0;2;-2;Defense;1;Gathering;-2;Expert;2;Wind Res;3;;;Carbalite Ore;2;Gossamite Ore;2;Machalite Ore;7;Iron Ore;10
Alloy Vest S;4;7;0;0;2;4;14;0;-2;1;3;-1;Reload Spd;1;Gathering;-2;Pellet Up;2;Pellet S+;2;;;Carbalite Ore;2;Gossamite Ore;2;Machalite Ore;7;Iron Ore;10
Mosgharl Ribplate;-1;4;0;0;1;4;19;-4;0;0;1;2;Destroyer;1;FastCharge;1;Combo Rate;2;Combo Plus;2;Rec Speed;1;Bumblepumpkin;3;Killer Beetle;2;Thunderbug;4;Gloamgrass Root;10
Mosgharl Ribguard;-1;4;0;0;2;4;9;-3;1;1;2;3;Destroyer;1;FastCharge;1;Combo Rate;2;Combo Plus;2;Rec Speed;1;Bumblepumpkin;3;Killer Beetle;2;Thunderbug;4;Gloamgrass Root;10
Aelucanth Thorax;3;5;1;1;1;4;18;-4;3;1;0;-1;FreeElemnt;1;Hearing;3;Dragon Atk;2;Protection;-1;Honey;3;Butterfly Beetle;2;Gossamite Ore;1;Killer Beetle;2;Glueglopper;10
Aelucanth Pleuron;3;5;1;1;2;4;9;-3;4;2;1;0;FreeElemnt;1;Hearing;3;Dragon Atk;2;Protection;-1;Honey;3;Butterfly Beetle;2;Gossamite Ore;1;Killer Beetle;2;Glueglopper;10
Rhopessa Thorax;3;5;1;2;1;4;18;-4;3;1;0;-1;FreeElemnt;1;Hearing;3;Dragon Atk;2;Protection;-1;Honey;3;Butterfly Beetle;2;Gossamite Ore;1;Killer Beetle;2;Glueglopper;10
Rhopessa Pleuron;3;5;1;2;2;4;9;-3;4;2;1;0;FreeElemnt;1;Hearing;3;Dragon Atk;2;Protection;-1;Honey;3;Butterfly Beetle;2;Gossamite Ore;1;Killer Beetle;2;Glueglopper;10
Lobster Mail;-1;4;2;0;1;4;16;-2;-5;-2;5;2;Evasion;2;Evade Dist;1;Fire Res;-3;;;;;Small Lobstershell;2;Lobster Tail Fan;1;Zamtrios Fin;1;Ice Crystal;10
Lobster Vest;-1;4;2;0;2;4;8;-1;-4;-1;6;3;Evasion;2;Evade Dist;1;Fire Res;-3;;;;;Small Lobstershell;2;Lobster Tail Fan;1;Zamtrios Fin;1;Ice Crystal;10
Guardian Suit;2;-1;1;1;1;4;18;0;0;0;0;0;Gathering;-2;Fate;1;Artillery;2;Protection;2;;;Dragonite Ore;2;Pinnacle Coin;3;Beast Coin;5;;
Guardian Vest;2;-1;1;1;2;4;9;1;1;1;1;1;Gathering;-2;Fate;1;Wide-Range;2;Protection;2;;;Dragonite Ore;2;Pinnacle Coin;3;Beast Coin;5;;
Helper Suit;2;-1;1;2;1;4;18;0;0;0;0;0;Gathering;-2;Fate;1;Artillery;2;Protection;2;;;Dragonite Ore;2;Pinnacle Coin;3;Beast Coin;5;;
Helper Vest;2;-1;1;2;2;4;9;1;1;1;1;1;Gathering;-2;Fate;1;Wide-Range;2;Protection;2;;;Dragonite Ore;2;Pinnacle Coin;3;Beast Coin;5;;
Guild Bard Bolero;3;-1;1;1;1;4;20;0;0;0;0;0;Fate;2;Wide-Range;4;Sense;-1;;;;;Gossamite Ore;1;Vermin Coin;2;Beast Coin;5;Pinnacle Coin;3
Guild Bard Vest;3;-1;1;1;2;4;10;1;1;1;1;1;Fate;2;Wide-Range;4;Sense;-1;;;;;Gossamite Ore;1;Vermin Coin;2;Beast Coin;5;Pinnacle Coin;3
Scholar's Blouse;3;-1;1;2;1;4;20;0;0;0;0;0;Fate;2;Wide-Range;4;Sense;-1;;;;;Gossamite Ore;1;Vermin Coin;2;Beast Coin;5;Pinnacle Coin;3
Scholar's Vest;3;-1;1;2;2;4;10;1;1;1;1;1;Fate;2;Wide-Range;4;Sense;-1;;;;;Gossamite Ore;1;Vermin Coin;2;Beast Coin;5;Pinnacle Coin;3
Conga Mail U;4;7;0;0;1;5;40;1;0;3;0;-4;Potential;2;Bomb Boost;2;Hunger;-1;;;;;E.Congalala Pelt+;3;Conga Pelt+;4;Brute Bone;6;Killer Beetle;3
Conga Vest U;4;7;0;0;2;5;20;2;1;4;1;-3;Potential;2;Bomb Boost;2;Hunger;-1;;;;;E.Congalala Pelt+;3;Conga Pelt+;4;Brute Bone;6;Killer Beetle;3
Gypceros Mail S;4;7;1;0;1;5;47;-5;3;0;2;-2;Stamina;3;Hunger;-2;Poison;2;;;;;Rubbery Hide+;5;Monster Broth;3;Earth Crystal;5;Gendrome Hide;3
Gypceros Vest S;4;7;1;0;2;5;23;-4;4;1;3;-1;Stamina;3;Hunger;-2;Poison;3;;;;;Rubbery Hide+;5;Monster Broth;3;Earth Crystal;5;Gendrome Hide;3
Tetsucabra Mail S;4;7;1;0;1;5;48;3;-4;2;-5;0;Defense;2;Gathering;-3;Health;3;Sharpener;1;;;Tetsucabra Scale+;3;Tetsucabra Claw+;2;Rhenoplos Carapace;3;Paddock Oil+;3
Tetsucabra Vest S;4;7;1;0;2;5;24;4;-3;3;-4;1;Reload Spd;1;Defense;2;Gathering;-3;Health;3;;;Tetsucabra Scale+;3;Tetsucabra Claw+;2;Rhenoplos Carapace;3;Paddock Oil+;3
Nerscylla Mail S;4;7;1;0;1;5;48;-3;-3;3;3;2;Expert;1;Perception;3;Hunger;-3;SpeedSetup;1;Poison;1;Nerscylla Shear;4;Nerscylla Carapace;3;Nerscylla Spike+;2;Monster Broth;5
Nerscylla Vest S;4;7;1;0;2;5;24;-2;-2;4;4;3;Expert;1;Perception;2;Hunger;-3;SpeedSetup;2;Poison;1;Nerscylla Shear;4;Nerscylla Carapace;3;Nerscylla Spike+;2;Monster Broth;5
Zamtrios Mail S;5;8;1;0;1;5;53;-4;-5;0;3;3;Destroyer;2;Ice Atk;1;Carnivore;3;Hunger;-2;;;Zamtrios Fin+;2;Zamtrios Scale+;2;Zamtrios Hide;3;Paddock Oil+;1
Zamtrios Vest S;5;8;1;0;2;5;27;-3;-4;1;4;4;Destroyer;2;Ice Atk;1;Carnivore;3;Hunger;-2;;;Zamtrios Fin+;2;Zamtrios Scale+;2;Zamtrios Hide;3;Paddock Oil+;1
Najarala Mail S;5;8;1;0;1;5;55;3;0;3;-3;-5;Tranquilzr;2;Hearing;3;Whim;-3;Paralysis;1;;;Najarala Hide+;6;Najarala Sounder+;5;Najarala Hide;3;Tough Bird Wyv Hide;3
Najarala Vest S;5;8;1;0;2;5;28;4;1;4;-2;-4;Tranquilzr;2;Hearing;3;Whim;-3;Paralysis;1;;;Najarala Hide+;6;Najarala Sounder+;5;Najarala Hide;3;Tough Bird Wyv Hide;3
Khezu Mail S;5;8;1;0;1;5;50;-5;1;1;1;2;ThunderAtk;2;Wide-Range;3;Rec Speed;1;Stun;-1;;;Pale Steak;1;Pearl Hide;3;Monster Broth;6;Lifepowder;3
Khezu Vest S;5;8;1;0;2;5;25;-4;2;2;2;3;ThunderAtk;2;Wide-Range;3;Rec Speed;1;Stun;-1;;;Pale Steak;1;Pearl Hide;3;Monster Broth;6;Lifepowder;3
Rathian Mail S;5;8;1;0;1;5;50;3;-2;-4;0;0;Health;1;Fire Atk;1;Rec Level;4;Rec Speed;-3;;;Rathian Scale+;4;Rath Medulla;1;Rathian Plate;1;Firestone;2
Rathian Vest S;5;8;1;0;2;5;25;4;-1;-3;1;1;Health;1;Fire Atk;2;Rec Level;4;Rec Speed;-2;;;Rathian Scale+;4;Rath Medulla;1;Rathian Plate;1;Firestone;2
Rathalos Mail S;5;8;1;0;1;5;57;3;-2;-4;0;0;Attack;3;Fire Atk;2;Rec Level;-2;;;;;Rathalos Scale+;5;Rathalos Shell;4;Rathalos Webbing;4;Fucium Ore;2
Rathalos Vest S;5;8;1;0;2;5;28;4;-1;-3;1;1;Attack;3;Fire Atk;2;Rec Level;-2;;;;;Rathalos Scale+;5;Rathalos Shell;4;Rathalos Webbing;4;Fucium Ore;2
Tigrex Mail S;5;8;1;0;1;5;55;2;-4;-2;-1;0;Attack;3;Sharpener;-2;Psychic;2;Gluttony;2;;;Tigrex Claw+;4;Tigrex Carapace;6;Tigrex Scalp;1;;
Tigrex Vest S;5;8;1;0;2;5;28;3;-3;-1;0;1;Recoil;-2;Attack;3;Psychic;2;Gluttony;2;;;Tigrex Claw+;4;Tigrex Carapace;6;Tigrex Scalp;1;;
Zinogre Mail S;5;8;3;0;1;5;52;0;3;1;-2;-4;Gloves Off;1;Unscathed;2;ThunderAtk;1;Sense;-1;;;Zinogre Electrofur;4;Zinogre Carapace;5;Zinogre Jasper;1;Thunderbug;20
Zinogre Vest S;5;8;3;0;2;5;26;1;4;2;-1;-3;Gloves Off;1;Evasion;2;ThunderAtk;1;Sense;-1;;;Zinogre Electrofur;4;Zinogre Carapace;5;Zinogre Jasper;1;Thunderbug;20
Seltas Mail S;5;8;1;0;1;5;53;-4;-1;3;3;-3;Artillery;3;Sharpness;2;Stam Recov;-3;;;;;S.Queen Hardpectus;4;S.Queen Crescent;4;S.Queen Extract;1;Quality Stomach;4
Seltas Vest S;5;8;1;0;2;5;27;-3;0;4;4;-2;Reload Spd;3;Artillery;3;Stam Recov;-3;;;;;S.Queen Hardpectus;4;S.Queen Crescent;4;S.Queen Extract;1;Quality Stomach;4
Gravios Mail S;5;8;2;0;1;5;57;3;0;-3;-4;2;Defense;1;Guard;2;Stamina;-1;;;;;Gravios Carapace;5;Gravios Wing;2;Monster Bone+;2;Inferno Sac;2
Gravios Vest S;5;8;2;0;2;5;29;4;1;-2;-3;3;Recoil;2;Defense;1;Stamina;-1;;;;;Gravios Carapace;5;Gravios Wing;2;Monster Bone+;2;Inferno Sac;2
Kut-Ku Mail U;4;7;2;0;1;5;47;3;-3;2;-4;0;Expert;2;Hearing;-2;Stamina;3;;;;;Blue Kut-Ku Scale+;2;Blue Kut-Ku Carapace;3;Tough Bird Wyv Hide;1;Stoutbone;3
Kut-Ku Vest U;4;7;2;0;2;5;23;4;-2;3;-3;1;Expert;2;Hearing;-2;Stamina;3;;;;;Blue Kut-Ku Scale+;2;Blue Kut-Ku Carapace;3;Tough Bird Wyv Hide;1;Stoutbone;3
Basarios Mail S;5;-1;1;0;1;5;50;-1;1;-3;-2;1;Sheathing;1;Eating;3;Hunger;-2;Mud/Snow;2;;;Basarios Carapace;5;Firestone;1;Toxin Sac;3;Dragonite Ore;10
Basarios Vest S;5;-1;1;0;2;5;25;0;2;-2;-1;2;Sheathing;1;Eating;3;Hunger;-2;Mud/Snow;2;;;Basarios Carapace;5;Firestone;1;Toxin Sac;3;Dragonite Ore;10
Garuga Mail S;6;9;2;0;1;5;60;3;3;1;-4;-4;Fencing;-1;Expert;1;Hearing;4;Sharpness;2;;;Garuga Scale+;4;Garuga Carapace;4;Garuga Wing;4;Gendrome Tail;2
Garuga Vest S;6;9;2;0;2;5;30;4;4;2;-3;-3;Expert;1;Hearing;4;Stamina;-1;Pierce Up;2;;;Garuga Scale+;4;Garuga Carapace;4;Garuga Wing;4;Gendrome Tail;2
Mono Mail S;-1;8;2;0;1;5;57;0;-3;2;2;-4;Attack;2;Potential;2;Protection;-1;;;;;Monoblos Thoracic;2;Scarlet Finehorn;1;Monoblos Carapace;3;Monoblos Heart;1
Mono Vest S;-1;8;2;0;2;5;29;1;-2;3;3;-3;Attack;2;Potential;2;Protection;-1;;;;;Monoblos Thoracic;2;Scarlet Finehorn;1;Monoblos Carapace;3;Monoblos Heart;1
Blango Mail;5;-1;1;0;1;5;55;-4;0;1;2;2;Attack;2;Heat Res;-2;Cold Res;2;Tremor Res;1;;;Blangonga Pelt+;3;Blangonga Whisker;3;Tough Bird Wyv Hide;3;Velociprey Hide+;3
Blango Vest;5;-1;1;0;2;5;28;-3;1;2;3;3;Attack;2;Heat Res;-2;Cold Res;2;Tremor Res;1;;;Blangonga Pelt+;3;Blangonga Whisker;3;Tough Bird Wyv Hide;3;Velociprey Hide+;3
Gobul Mail;5;-1;1;0;1;5;52;-2;-4;1;3;0;Expert;3;Eating;1;Rec Speed;-2;;;;;Gobul Hide+;3;Gobul Spike+;1;Paddock Oil+;3;Bird Wyvern Gem;3
Gobul Vest;5;-1;1;0;2;5;26;-1;-3;2;4;1;Expert;3;Eating;1;Rec Speed;-2;;;;;Gobul Hide+;3;Gobul Spike+;1;Paddock Oil+;3;Bird Wyvern Gem;3
Barioth Mail;5;-1;2;0;1;5;57;-5;-1;0;0;3;Evasion;2;Ice Atk;1;Constitutn;2;Stam Recov;-2;;;Barioth Pelt+;4;Stoutbone;4;Freezer Sac;5;;
Barioth Vest;5;-1;2;0;2;5;29;-4;0;1;1;4;Evasion;1;Ice Atk;1;Constitutn;2;Stam Recov;-2;;;Barioth Pelt+;4;Stoutbone;4;Freezer Sac;5;;
High Metal Mail S;-1;7;1;0;1;5;18;-2;3;0;-2;-1;Defense;3;Sharpener;2;Poison;-2;;;;;;;;;;;;
High Metal Vest S;-1;7;1;0;2;5;9;-1;4;1;-1;0;Defense;3;Normal Up;2;Poison;-2;;;;;;;;;;;;
Ioprey Body;5;8;1;0;1;5;41;2;1;1;1;1;Fate;2;Poison;3;Stun;-2;;;;;Ioprey Scale+;2;Iodrome Hide;2;Conga Pelt+;5;Avian Finebone;5
Ioprey Wear;5;8;1;0;2;5;21;3;2;2;2;2;Gathering;-2;Fate;3;Fire Res;2;;;;;Ioprey Scale+;2;Iodrome Hide;2;Conga Pelt+;5;Avian Finebone;5
Obituary Thorax;5;-1;1;1;1;5;43;3;3;2;-5;-4;Gathering;2;Evasion;2;Status;2;Cold Res;-2;;;Great Hornfly;2;Rare Scarab;1;Hercudrome;4;Toxin Sac;2
Obituary Pleuron;5;-1;1;1;2;5;21;4;5;2;-4;-3;Gathering;2;Evasion;2;Status;2;Cold Res;-2;;;Great Hornfly;2;Rare Scarab;1;Hercudrome;4;Toxin Sac;2
Butterfly Thorax;5;-1;1;2;1;5;43;3;3;2;-5;-4;Gathering;2;Evasion;2;Status;2;Cold Res;-2;;;Great Hornfly;2;Rare Scarab;1;Hercudrome;4;Toxin Sac;2
Butterfly Pleuron;5;-1;1;2;2;5;21;4;5;2;-4;-3;Gathering;2;Evasion;2;Status;2;Cold Res;-2;;;Great Hornfly;2;Rare Scarab;1;Hercudrome;4;Toxin Sac;2
Artian Mail S;5;9;2;0;1;5;51;0;-3;3;-3;2;FreeElemnt;1;Crit Draw;2;Guard Boost;4;;;;;Ancient Fragment;5;Yoldspar Ore;2;Rusted Fragment;2;Lightcrystal;6
Artian Vest S;5;9;2;0;2;5;26;1;-2;4;-2;3;Recoil;3;Rapid Fire;3;Loading;1;;;;;Ancient Fragment;5;Yoldspar Ore;2;Rusted Fragment;2;Lightcrystal;6
Chakra Necklace;4;7;3;0;0;5;18;3;0;1;-3;0;;;;;;;;;;;Carbalite Ore;3;Novacrystal;2;;;;
Gore Mail S;5;-1;1;0;1;6;52;-5;-3;-2;3;2;Biology;2;Spirit;2;Fire Res;-2;Frenzy Res;3;;;Gore Magala Scale+;3;Gore Magala Nyctgem;1;Defiled Scale;5;Remobra Hide+;5
Gore Vest S;5;-1;1;0;2;6;26;-4;-2;-1;4;3;Biology;2;Spirit;2;Fire Res;-2;Frenzy Res;3;;;Gore Magala Scale+;3;Gore Magala Nyctgem;1;Defiled Scale;5;Remobra Hide+;5
Regios Mail S;-1;9;0;0;1;6;58;3;-3;0;0;-2;Fencing;1;Sharpener;-1;Constitutn;3;Bleeding;4;;;Seregios Airblade;4;Seregios Slavescale;5;Seregios Impaler;1;Sml Hermitaur Shell;5
Regios Vest S;-1;9;0;0;2;6;29;4;-2;1;1;-1;Reload Spd;-1;Recoil;1;Constitutn;3;Bleeding;4;;;Seregios Airblade;4;Seregios Slavescale;5;Seregios Impaler;1;Sml Hermitaur Shell;5
Gypceros Mail U;4;7;2;0;1;6;48;-5;3;0;2;-2;Expert;-2;Wind Res;1;Stun;2;;;;;Rubbery Purple Hide;4;Monster Broth;3;Earth Crystal;5;Hercudrome;2
Gypceros Vest U;4;7;2;0;2;6;24;-4;4;1;3;-1;Expert;-2;Wind Res;1;Stun;2;;;;;Rubbery Purple Hide;4;Monster Broth;3;Earth Crystal;5;Hercudrome;2
Khezu Mail U;5;8;2;0;1;6;51;1;1;1;-5;2;Rec Level;1;Wide-Range;2;Rec Speed;-2;;;;;Alluring Hide;3;Pale Steak;1;Monster Hardbone;1;Lifepowder;3
Khezu Vest U;5;8;2;0;2;6;26;2;2;2;-4;3;Rec Level;1;Wide-Range;2;Rec Speed;-2;;;;;Alluring Hide;3;Pale Steak;1;Monster Hardbone;1;Lifepowder;3
Rath Heart Mail;5;8;1;0;1;6;51;3;-2;-4;0;0;Potential;2;Fire Atk;3;Wind Res;3;Sense;-1;;;P.Rathian Scale+;3;P.Rathian Carapace;2;Carbalite Ore;4;Rathian Ruby;1
Rath Heart Vest;5;8;1;0;2;6;26;4;-1;-3;1;1;Potential;2;Fire Atk;2;Wind Res;3;Sense;-1;;;P.Rathian Scale+;3;P.Rathian Carapace;2;Carbalite Ore;4;Rathian Ruby;1
Rath Soul Mail;6;9;1;0;1;6;58;3;0;-4;0;-2;Expert;3;Health;-3;Hearing;2;Sharpness;1;;;A.Rathalos Carapace;3;A.Rathalos Scale+;3;Inferno Sac;3;Monster Hardbone;2
Rath Soul Vest;6;9;1;0;2;6;29;4;1;-3;1;-1;Expert;3;Health;-3;Hearing;2;Normal Up;1;;;A.Rathalos Carapace;3;A.Rathalos Scale+;3;Inferno Sac;3;Monster Hardbone;2
Tigrex Mail U;6;9;1;0;1;6;59;2;-2;-1;-4;0;Hearing;3;Sharpener;-1;Perception;2;Eating;3;;;B.Tigrex Claw+;5;B.Tigrex Carapace;4;B.Tigrex Fang+;2;Firecell Stone;3
Tigrex Vest U;6;9;1;0;2;6;29;3;-1;0;-3;1;Recoil;-1;Hearing;3;Perception;2;Eating;3;;;B.Tigrex Claw+;5;B.Tigrex Carapace;4;B.Tigrex Fang+;2;Firecell Stone;3
Zinogre Mail U;6;9;1;0;1;6;53;0;-5;4;-4;0;Evasion;1;FastCharge;3;Unscathed;1;Dragon Atk;2;Rec Level;-2;S.Zinogre Dragonhair;4;S.Zinogre Carapace;5;S.Zinogre Umbrage;1;Dragonfell Berry;20
Zinogre Vest U;6;9;1;0;2;6;27;1;-4;5;-3;1;Evasion;2;Unscathed;1;Loading;3;Dragon Atk;2;Rec Level;-1;S.Zinogre Dragonhair;4;S.Zinogre Carapace;5;S.Zinogre Umbrage;1;Dragonfell Berry;20
Gravios Mail U;6;9;3;0;1;6;58;3;1;1;-5;1;Defense;1;Guard Boost;1;Stamina;-1;;;;;B.Gravios Carapace;5;Gravios Carapace;2;Monster Hardbone;2;Gravios Medulla;1
Gravios Vest U;6;9;3;0;2;6;29;4;2;2;-4;2;Defense;1;Guard Boost;1;Stamina;-1;;;;;B.Gravios Carapace;5;Gravios Carapace;2;Monster Hardbone;2;Gravios Medulla;1
Brachydios Mail S;6;9;1;0;1;6;57;3;0;0;-4;-2;Crit Draw;1;Spirit;3;Evasion;-2;Potential;1;Bomb Boost;2;Brach Carapace;4;Brach Ebonshell+;3;Brach Marrow;2;Monster Hardbone;2
Brachydios Vest S;6;9;1;0;2;6;28;4;1;1;-3;-1;Rapid Fire;1;Spirit;3;Evasion;-2;Potential;1;Bomb Boost;2;Brach Carapace;4;Brach Ebonshell+;3;Brach Marrow;2;Monster Hardbone;2
Vangis Mail;7;9;0;0;1;6;62;0;-4;-4;0;1;Attack;4;Sharpness;1;Eating;4;Hunger;-2;;;Deviljho Tallfang;5;Deviljho Talon;4;Deviljho Hide;5;Zinogre Plate;1
Vangis Vest;7;9;0;0;2;6;31;1;-3;-3;1;2;Recoil;2;Attack;3;Eating;4;Hunger;-2;;;Deviljho Tallfang;5;Deviljho Talon;4;Deviljho Hide;5;Zinogre Plate;1
Basarios Mail U;5;-1;1;0;1;6;53;0;0;1;-2;-3;Guard;3;Heat Res;1;Poison;2;Paralysis;-2;;;R.Basarios Carapace;5;Firecell Stone;1;R.Basarios Wing;1;Dragonite Ore;10
Basarios Vest U;5;-1;1;0;2;6;27;1;1;2;-1;-2;Normal Up;2;Heat Res;1;Poison;2;Paralysis;-2;;;R.Basarios Carapace;5;Firecell Stone;1;R.Basarios Wing;1;Dragonite Ore;10
Kirin Jacket S;8;-1;1;0;1;6;60;-3;5;3;-3;-1;FreeElemnt;2;Blight Res;1;Fate;-2;Elemental;1;;;Kirin Hide+;4;Kirin Hide;3;Basarios Tears;1;Novacrystal;1
Kirin Cape S;8;-1;1;0;2;6;30;-2;6;4;-2;0;FreeElemnt;2;Blight Res;2;Fate;-2;Elemental;2;;;Kirin Hide+;4;Kirin Hide;3;Basarios Tears;1;Novacrystal;1
Lagiacrus Mail;6;-1;1;0;1;6;60;-5;3;-1;1;-1;FreeElemnt;1;Tenderizer;2;Status;-2;FastCharge;2;;;Shell Shocker+;2;Lagiacrus Sapphire;1;A.Rathalos Carapace;2;;
Lagiacrus Vest;6;-1;1;0;2;6;30;-4;4;0;2;0;FreeElemnt;3;Tenderizer;1;Status;-2;FastCharge;1;;;Shell Shocker+;2;Lagiacrus Sapphire;1;A.Rathalos Carapace;2;;
Agnaktor Mail;6;-1;1;0;1;6;59;3;0;0;-5;-1;Guard;2;Potential;-2;Fire Atk;2;Flame Aura;3;;;Agnaktor Carapace;2;Agnaktor Fin+;1;Firecell Stone;1;;
Agnaktor Vest;6;-1;1;0;2;6;30;4;1;1;-4;0;Potential;-2;Normal Up;1;Precision;2;Fire Atk;1;Flame Aura;3;Agnaktor Carapace;2;Agnaktor Fin+;1;Firecell Stone;1;;
Dober Mail;4;7;1;0;1;6;47;-2;0;3;0;0;Dragon Atk;1;Stam Recov;1;Hunger;-2;Tremor Res;3;;;Dragonbone Relic;3;Nerscylla Spike+;3;Monster Keenbone;5;Monster Bone S;20
Dober Vest;4;7;1;0;2;6;24;-1;1;4;1;1;Reload Spd;3;Dragon Atk;1;Stam Recov;1;Hunger;-2;;;Dragonbone Relic;3;Nerscylla Spike+;3;Monster Keenbone;5;Monster Bone S;20
Hawksuit;5;-1;3;1;1;6;45;2;1;2;-1;0;Ranger;1;Commander;1;Hunger;-3;;;;;Caravan Ticket;1;Palico Ticket;2;Butterfly Beetle;3;Heavenly Crystal;3
Hawkjacket;5;-1;3;1;2;6;23;3;2;3;0;1;Ranger;1;Commander;1;Hunger;-3;;;;;Caravan Ticket;1;Palico Ticket;2;Butterfly Beetle;3;Heavenly Crystal;3
Lecturer's Suit;5;-1;3;2;1;6;45;2;1;2;-1;0;Ranger;1;Commander;1;Hunger;-3;;;;;Caravan Ticket;1;Palico Ticket;2;Butterfly Beetle;3;Heavenly Crystal;3
Lecturer's Jacket;5;-1;3;2;2;6;23;3;2;3;0;1;Ranger;1;Commander;1;Hunger;-3;;;;;Caravan Ticket;1;Palico Ticket;2;Butterfly Beetle;3;Heavenly Crystal;3
Guild Knight Suit;8;-1;2;1;1;6;52;0;0;0;0;0;Handicraft;1;Carving;1;Wide-Range;4;Sense;-1;;;Accolade;1;Garuga Scale+;4;Basarios Tears;1;;
Guild Knight Vest;8;-1;2;1;2;6;26;1;1;1;1;1;Carving;1;Loading;1;Wide-Range;4;Sense;-1;;;Accolade;1;Garuga Scale+;4;Basarios Tears;1;;
Maiden's Suit;8;-1;2;2;1;6;52;0;0;0;0;0;Handicraft;1;Carving;1;Wide-Range;4;Sense;-1;;;Accolade;1;Garuga Scale+;4;Basarios Tears;1;;
Maiden's Vest;8;-1;2;2;2;6;26;1;1;1;1;1;Carving;1;Loading;1;Wide-Range;4;Sense;-1;;;Accolade;1;Garuga Scale+;4;Basarios Tears;1;;
Yukumo Sky Dogi;8;-1;2;0;1;6;60;-1;2;0;0;0;Handicraft;1;Sharpener;1;Rec Level;2;Protection;2;;;Dalamadur Steel;3;Shattered Omen;1;Dalamadur Pectus;3;;
Yukumo Land Dogi;8;-1;2;0;2;6;30;0;3;1;1;1;Reload Spd;1;Loading;1;Rec Level;2;Protection;2;;;Dalamadur Steel;3;Shattered Omen;1;Dalamadur Pectus;3;;
Ranger's Girdle;6;-1;0;0;1;6;53;0;0;0;0;0;Handicraft;1;Carving;3;Guts;2;Rec Level;3;Sense;-2;Flying Coin;2;Hunter King Coin;3;Thunder Sac;4;;
Archer's Girdle;6;-1;0;0;2;6;27;1;1;1;1;1;Carving;3;Guts;2;Loading;1;Rec Level;2;Sense;-3;Flying Coin;2;Hunter King Coin;3;Thunder Sac;4;;
Black Belt Mail;8;-1;1;0;1;6;55;2;2;2;2;2;Handicraft;2;Ranger;2;Hunger;-2;;;;;Rajang Blackfur;1;Ace Hunter Coin;2;Flying Coin;2;Fang Coin;3
Black Belt Vest;8;-1;1;0;2;6;28;3;3;3;3;3;Loading;2;Ranger;2;Hunger;-2;;;;;Rajang Blackfur;1;Ace Hunter Coin;2;Flying Coin;2;Fang Coin;3
Sailor Suit;8;-1;2;2;1;6;60;0;0;0;2;-2;Fate;2;Wide-Range;4;Sense;-1;;;;;Accolade;1;Hunter King Coin;2;Flying Coin;5;Pinnacle Coin;5
Sailor Vest;8;-1;2;2;2;6;30;1;1;1;3;-1;Fate;2;Wide-Range;4;Sense;-1;;;;;Accolade;1;Hunter King Coin;2;Flying Coin;5;Pinnacle Coin;5
Arc Mail S;7;-1;1;1;1;7;65;-4;0;-6;4;3;Resilience;2;Gloves Off;2;Fire Res;-2;Frenzy Res;2;;;S.Magala Scale+;3;S.Magala Phosgem;1;Pure Scale;1;Fucium Ore;3
Arc Vest S;7;-1;1;1;2;7;33;-3;1;-5;5;4;Resilience;2;Gloves Off;2;Fire Res;-2;Frenzy Res;2;;;S.Magala Scale+;3;S.Magala Phosgem;1;Pure Scale;1;Fucium Ore;3
Storge Mail S;7;-1;1;2;1;7;65;-4;0;-6;4;3;Resilience;2;Gloves Off;2;Fire Res;-2;Frenzy Res;2;;;S.Magala Scale+;3;S.Magala Phosgem;1;Pure Scale;1;Fucium Ore;3
Storge Vest S;7;-1;1;2;2;7;33;-3;1;-5;5;4;Resilience;2;Gloves Off;2;Fire Res;-2;Frenzy Res;2;;;S.Magala Scale+;3;S.Magala Phosgem;1;Pure Scale;1;Fucium Ore;3
Golden Haori;7;-1;0;0;1;7;65;2;3;2;1;-6;Handicraft;1;Gloves Off;3;Spirit;1;Stamina;-2;;;Rajang Horn+;1;Gold Rajang Pelt;1;Rajang Blackfur;4;Daora Scale;2
Puppeteer Suit;7;-1;0;0;2;7;33;3;4;3;2;-5;Reload Spd;1;Gloves Off;3;Spirit;1;Stamina;-2;;;Rajang Horn+;1;Gold Rajang Pelt;1;Rajang Blackfur;4;Daora Scale;2
Divine Ire Haori;7;-1;2;0;1;7;81;2;4;2;1;-7;Gloves Off;2;Spirit;1;Stamina;-2;;;;;Rajang Ragehair;3;Rajang Nerve;1;Rajang Fang+;2;G.Rathian Scale+;2
Crusher Garb;7;-1;2;0;2;7;41;3;5;3;2;-6;Gloves Off;2;Spirit;1;Stamina;-2;;;;;Rajang Ragehair;3;Rajang Nerve;1;Rajang Fang+;2;G.Rathian Scale+;2
Kushala Cista;7;-1;1;0;1;7;68;-2;-5;-6;2;5;Handicraft;1;FastCharge;1;Heat Res;4;Poison;-2;;;Daora Carapace;4;Daora Webbing;2;Carbalite Ore;4;Elder Dragon Blood;2
Kushala Vise;7;-1;1;0;2;7;34;-1;-4;-5;3;6;FastCharge;1;Loading;1;Heat Res;4;Poison;-2;;;Daora Carapace;4;Daora Webbing;2;Carbalite Ore;4;Elder Dragon Blood;2
Kaiser Mail;7;-1;2;0;1;7;68;4;1;-2;-6;-2;Biology;1;FreeElemnt;1;Fencing;2;Cold Res;-3;;;Teostra Powder;2;Teostra Carapace;4;Firecell Stone;3;Elder Dragon Blood;3
Kaiser Vest;7;-1;2;0;2;7;34;5;2;-1;-5;-1;Biology;1;FreeElemnt;1;Reload Spd;3;Cold Res;-2;;;Teostra Powder;2;Teostra Carapace;4;Firecell Stone;3;Elder Dragon Blood;3
Gloaming Archplate;7;-1;0;1;1;7;64;3;-4;-4;2;3;Crit Draw;1;Unshakable;1;Expert;4;Potential;-3;;;D.Mohran Carapace;6;Dah'renstone;4;Elder Dragon Blood;1;Commendation G;1
Dayspring Archplate;7;-1;1;1;2;7;32;4;-3;-3;3;4;Reload Spd;-3;Rapid Fire;1;Unshakable;1;Pierce Up;1;;;D.Mohran Carapace;6;Dah'renstone;4;Elder Dragon Blood;1;Commendation G;1
Adamance Archplate;7;-1;0;2;1;7;64;3;-4;-4;2;3;Crit Draw;1;Unshakable;1;Expert;4;Potential;-3;;;D.Mohran Carapace;6;Dah'renstone;4;Elder Dragon Blood;1;Commendation G;1
Epoch Archplate;7;-1;1;2;2;7;32;4;-3;-3;3;4;Reload Spd;-3;Rapid Fire;1;Unshakable;1;Pierce Up;1;;;D.Mohran Carapace;6;Dah'renstone;4;Elder Dragon Blood;1;Commendation G;1
Rebellion Mail;8;-1;1;0;1;7;69;3;-2;-3;3;-2;Edgemaster;3;Fury;1;Attack;-4;;;;;Dalamadur Steel;5;Dalamadur Pectus;3;Dalamadur Glaive;2;S.Magala Phosgem;1
Riot Vest;8;-1;1;0;2;7;35;4;-1;-2;4;-1;SteadyHand;3;Fury;1;Attack;-4;;;;;Dalamadur Steel;5;Dalamadur Pectus;3;Dalamadur Glaive;2;S.Magala Phosgem;1
Akantor Aegis;7;-1;1;0;1;7;65;4;-3;-5;0;2;Handicraft;2;Expert;3;Hearing;1;Sharpness;-2;;;Akantor Tallfang;3;Akantor Spike;2;Akantor Scale+;4;Rathalos Ruby;1
Akantor Plate;7;-1;1;0;2;7;33;5;-2;-4;1;3;Reload Spd;-2;Expert;3;Hearing;1;Loading;2;;;Akantor Tallfang;3;Akantor Spike;2;Akantor Scale+;4;Rathalos Ruby;1
Silver Solmail;7;10;3;0;1;7;81;2;-4;4;-7;0;Tenderizer;1;Sharpness;2;Rec Level;-2;;;;;S.Rathalos Carapace;5;S.Rathalos Scale+;6;Rathalos Wing;3;Monster Hardbone;3
Silver Solvest;7;10;3;0;2;7;41;3;-3;5;-6;1;Tenderizer;1;Pierce Up;2;Rec Level;-2;;;;;S.Rathalos Carapace;5;S.Rathalos Scale+;6;Rathalos Wing;3;Monster Hardbone;3
Golden Lunemail;7;10;2;0;1;7;81;2;-7;4;-4;0;Fate;2;Destroyer;1;ThunderRes;-2;Protection;2;;;G.Rathian Scale+;5;Rath Medulla;5;Rathian Plate;2;Yoldspar Ore;4
Golden Lunevest;7;10;2;0;2;7;41;3;-6;5;-3;1;Fate;2;Destroyer;1;ThunderRes;-2;Protection;1;;;G.Rathian Scale+;5;Rath Medulla;5;Rathian Plate;2;Yoldspar Ore;4
Esurient Mail;7;10;0;0;1;7;64;-1;-3;-1;-1;-1;Attack;4;Sharpness;3;Eating;2;Hunger;-2;;;Spattered Hide;5;Deviljho Talon;4;Deviljho Tallfang;2;Elder Dragon Blood;1
Esurient Vest;7;10;0;0;2;7;32;0;-2;0;0;0;Recoil;3;Attack;3;Eating;2;Hunger;-2;;;Spattered Hide;5;Deviljho Talon;4;Deviljho Tallfang;2;Elder Dragon Blood;1
Excello Mail;8;-1;1;0;1;7;81;3;2;1;-5;-3;Hearing;3;Sharpener;-2;Eating;3;;;;;M.Tigrex Blastclaw;4;M.Tigrex Carapace;6;Tigrex Maw;1;Akantor Gem;1
Excello Vest;8;-1;1;0;2;7;41;4;3;2;-4;-2;Recoil;-2;Hearing;3;Eating;4;;;;;M.Tigrex Blastclaw;4;M.Tigrex Carapace;6;Tigrex Maw;1;Akantor Gem;1
Dragonhide;8;-1;2;0;1;7;84;-3;2;-6;2;-1;Tenderizer;2;Expert;-3;Sharpness;2;;;;;Fatalis Horn;2;Fatalis Shell;4;Fatalis Scale;4;Rathalos Ruby;1
Dragonskin;8;-1;2;0;2;7;42;-2;3;-5;3;0;Tenderizer;2;Expert;-3;Pierce Up;2;;;;;Fatalis Horn;2;Fatalis Shell;4;Fatalis Scale;4;Rathalos Ruby;1
Fatalis Crimsonhide;8;10;0;0;1;7;86;2;1;-7;-1;-3;Fury;1;Defense;-3;Sharpness;2;Stamina;3;;;Fatalis Bloodhorn;2;Fatalis Bloodshell;5;Fatalis Bloodscale;4;S.Zinogre Umbrage;1
Fatalis Crimsonskin;8;10;0;0;2;7;43;3;2;-6;0;-2;Fury;1;Defense;-3;Stamina;3;Normal Up;2;;;Fatalis Bloodhorn;2;Fatalis Bloodshell;5;Fatalis Bloodscale;4;S.Zinogre Umbrage;1
Kirin Jacket U;8;10;2;0;1;7;65;-3;-1;3;-3;6;Blight Res;2;Fate;-2;Ice Atk;1;Elemental;1;;;Kirin Frost Tail;3;Kirin Hide+;6;Elder Dragon Blood;3;Splendid Beak;1
Kirin Cape U;8;10;2;0;2;7;33;-2;0;4;-2;7;Blight Res;2;Fate;-2;Ice Atk;1;Elemental;1;;;Kirin Frost Tail;3;Kirin Hide+;6;Elder Dragon Blood;3;Splendid Beak;1
Ukanlos Aegis;8;-1;1;0;1;7;67;-5;-3;-2;0;4;Edgemaster;2;Expert;-4;Potential;2;Mud/Snow;1;;;Ukanlos Shoveljaw;3;Ukanlos Carapace;2;Pure Scale;6;;
Ukanlos Plate;8;-1;1;0;2;7;34;-4;-2;-1;1;5;SteadyHand;2;Expert;-4;Potential;2;Mud/Snow;1;;;Ukanlos Shoveljaw;3;Ukanlos Carapace;2;Pure Scale;6;;
Indra Vest;8;-1;1;0;1;7;82;-2;2;-2;3;2;Fate;2;Guard;2;Fire Res;-2;Tremor Res;2;;;Gaoren Claw+;1;Daora Carapace;3;Rare Scarab;2;;
Steadfast Vest;8;-1;1;0;2;7;41;0;3;-1;5;3;Recoil;2;Fate;2;Fire Res;-2;Tremor Res;2;;;Gaoren Claw+;1;Daora Carapace;3;Rare Scarab;2;;
Yaksha Raiment;8;-1;1;0;1;7;68;2;0;-2;2;-2;Fencing;2;Blight Res;1;Potential;-2;Protection;2;;;Dragonmoss+;2;Tsukami Fluid;4;Elder Dragon Bone;5;Accolade;1
Carnage Raiment;8;-1;1;0;2;7;34;3;2;-1;4;-1;Blight Res;1;Potential;-2;Loading;2;Protection;2;;;Dragonmoss+;2;Tsukami Fluid;4;Elder Dragon Bone;5;Accolade;1
Empress Mail;7;-1;0;0;1;7;68;4;1;-2;-2;-6;Handicraft;1;Expert;3;Guard;2;Fire Atk;2;Cold Res;-3;Lunastra Mane;2;Fire Dragon Scale+;6;Teostra Horn+;1;Teostra Gem;1
Empress Vest;7;-1;0;0;2;7;34;5;2;-1;-1;-5;Expert;3;Guard Boost;2;Loading;1;Normal Up;2;Cold Res;-3;Lunastra Mane;2;Fire Dragon Scale+;6;Teostra Horn+;1;Teostra Gem;1
Mizuha Guards;8;-1;1;0;1;7;69;-4;0;-1;3;4;FreeElemnt;2;Hearing;1;Wind Res;4;Heat Res;-2;;;Chameleos Hide+;2;Chameleos Tail;1;Firecell Stone;2;;
Cham Camise;8;-1;1;0;2;7;35;-3;1;0;4;5;FreeElemnt;2;Hearing;1;Wind Res;4;Heat Res;-2;;;Chameleos Hide+;2;Chameleos Tail;1;Firecell Stone;2;;
Helios Mail;8;-1;1;1;1;7;84;0;-2;-5;3;1;Hearing;1;Destroyer;2;Water Atk;3;Protection;-2;;;Ceadeus Hide;2;Crooked Horn;1;S.Queen Concentrate;1;;
Helios Vest;8;-1;1;1;2;7;42;1;-1;-4;4;2;Hearing;2;Destroyer;2;Water Atk;3;Protection;-2;;;Ceadeus Hide;2;Crooked Horn;1;S.Queen Concentrate;1;;
Selene Mail;8;-1;1;2;1;7;84;0;-2;-5;3;1;Hearing;1;Destroyer;2;Water Atk;3;Protection;-2;;;Ceadeus Hide;2;Crooked Horn;1;S.Queen Concentrate;1;;
Selene Vest;8;-1;1;2;2;7;42;1;-1;-4;4;2;Hearing;2;Destroyer;2;Water Atk;3;Protection;-2;;;Ceadeus Hide;2;Crooked Horn;1;S.Queen Concentrate;1;;
Escadora Soul;8;-1;0;0;1;7;86;-3;3;-2;-2;3;Gloves Off;2;Blight Res;2;Evade Dist;1;Elemental;3;Stun;-2;Alatreon Plate;2;Alatreon Webbing;3;Akantor Gem;1;;
Escadora Seele;8;-1;0;0;2;7;43;-2;4;-1;-1;4;Gloves Off;3;Blight Res;1;Evade Dist;1;Elemental;2;Stun;-2;Alatreon Plate;2;Alatreon Webbing;3;Akantor Gem;1;;
EX Rathian Mail;8;10;1;0;1;7;50;3;-2;-4;0;0;Resilience;3;Handicraft;1;Rec Level;3;Stam Recov;-2;;;Accolade;1;Rathian Scale+;5;Rathian Plate;1;Fucium Ore;3
EX Rathian Vest;8;10;1;0;2;7;25;4;-1;-3;1;1;Resilience;3;Loading;1;Rec Level;3;Stam Recov;-2;;;Accolade;1;Rathian Scale+;5;Rathian Plate;1;Fucium Ore;3
EX Rathalos Mail;8;10;0;0;1;7;57;3;-2;-4;0;0;Brutality;2;Handicraft;1;Stam Recov;-4;Ranger;3;;;Accolade;1;Rathalos Scale+;5;Rathalos Plate;1;Yoldspar Ore;3
EX Rathalos Vest;8;10;0;0;2;7;28;4;-1;-3;1;1;Brutality;2;Loading;1;Stam Recov;-4;Ranger;3;;;Accolade;1;Rathalos Scale+;5;Rathalos Plate;1;Yoldspar Ore;3
EX Kushala Cista;8;-1;0;0;1;7;82;-3;-6;-7;3;6;FastCharge;1;Fire Res;5;Heat Res;4;Poison;-2;;;Kushala Daora Ticket;1;Daora Claw+;4;S.Rathalos Scale+;6;Elder Dragon Bone;3
EX Kushala Vise;8;-1;0;0;2;7;41;-2;-5;-6;4;7;FastCharge;1;Fire Res;5;Heat Res;4;Poison;-2;;;Kushala Daora Ticket;1;Daora Claw+;4;S.Rathalos Scale+;6;Elder Dragon Bone;3
EX Kaiser Mail;8;-1;0;0;1;7;82;5;2;-4;-7;-2;FreeElemnt;1;Expert;5;Cold Res;-2;;;;;Teostra Ticket;1;Teostra Carapace;6;Dalamadur Pectus;3;Elder Dragon Bone;3
EX Kaiser Vest;8;-1;0;0;2;7;41;6;3;-3;-6;-1;FreeElemnt;1;Expert;5;Cold Res;-2;;;;;Teostra Ticket;1;Teostra Carapace;6;Dalamadur Pectus;3;Elder Dragon Bone;3
EX Tigrex Mail;8;-1;1;0;1;7;82;3;-5;-3;-1;0;Attack;3;Sharpener;-2;Psychic;2;Gluttony;2;;;Quester's Ticket;1;Tigrex Claw+;5;Akantor Scale+;6;Heavenly Crystal;8
EX Tigrex Vest;8;-1;1;0;2;7;41;4;-4;-2;0;1;Recoil;-2;Attack;3;Psychic;2;Gluttony;2;;;Quester's Ticket;1;Tigrex Claw+;5;Akantor Scale+;6;Heavenly Crystal;8
Yamato Doate;8;-1;1;1;1;7;67;3;0;-4;1;-4;Defense;2;Expert;4;Potential;-2;FastCharge;1;;;Accolade;1;D.Mohran Carapace;6;Brutal Horn+;4;Elder Dragon Blood;1
Mutsu Doate;8;-1;1;1;2;7;34;4;1;-3;2;-3;Reload Spd;-2;Recoil;1;Defense;4;Pierce Up;2;;;Accolade;1;D.Mohran Carapace;6;Brutal Horn+;4;Elder Dragon Blood;1
Hyuga Muneate;8;-1;1;2;1;7;67;3;0;-4;1;-4;Defense;2;Expert;4;Potential;-2;FastCharge;1;;;Accolade;1;D.Mohran Carapace;6;Brutal Horn+;4;Elder Dragon Blood;1
Amagi Muneate;8;-1;1;2;2;7;34;4;1;-3;2;-3;Reload Spd;-2;Recoil;1;Defense;4;Pierce Up;2;;;Accolade;1;D.Mohran Carapace;6;Brutal Horn+;4;Elder Dragon Blood;1
Shinobi Sky Suit;8;-1;2;0;1;7;81;2;4;2;-6;-3;Defense;-2;Evasion;2;Elemental;2;;;;;Accolade G;1;Commendation G;1;Rare Scarab;3;S.Magala Scale+;5
Shinobi Land Suit;8;-1;2;0;2;7;41;3;5;3;-5;-2;Defense;-2;Evasion;2;Elemental;2;;;;;Accolade G;1;Commendation G;1;Rare Scarab;3;S.Magala Scale+;5
MH Club Jacket;1;-1;0;0;1;7;15;3;3;3;3;3;Protection;10;;;;;;;;;Fan Club Invite;3;Striped Skin;3;Remobra Hide;3;Bronze Guild Ticket;1
MH Club Jersey;1;-1;0;0;2;7;8;4;4;4;4;4;Protection;10;;;;;;;;;Fan Club Invite;3;Striped Skin;3;Remobra Hide;3;Bronze Guild Ticket;1
Hunter Jacket;1;-1;0;0;1;7;15;2;2;2;2;2;Gloves Off;10;;;;;;;;;Fan Club Invite;1;Striped Skin;4;Remobra Head;2;Bronze Guild Ticket;1
Hunter Rider;1;-1;0;0;2;7;8;3;3;3;3;3;Gloves Off;10;;;;;;;;;Fan Club Invite;1;Striped Skin;4;Remobra Head;2;Bronze Guild Ticket;1
Armament Jacket;1;-1;0;0;1;7;23;2;2;2;2;2;Survivor;10;;;;;;;;;Armament Invitation;2;S.Queen Pectus;1;Seltas Shell;3;S.Queen Extract;1
Armament Rider;1;-1;0;0;2;7;12;3;3;3;3;3;Survivor;10;;;;;;;;;Armament Invitation;2;S.Queen Pectus;1;Seltas Shell;3;S.Queen Extract;1
Blue Star Suit;1;-1;2;0;1;7;26;1;1;1;1;1;Spirit;2;Water Atk;2;TeamPlayer;1;;;;;Studio Pass;1;Rathalos Shell;4;Rath Medulla;2;Frenzy Crystal;2
Blue Star Jacket;1;-1;2;0;2;7;13;2;2;2;2;2;Spirit;1;Water Atk;2;TeamPlayer;1;;;;;Studio Pass;1;Rathalos Shell;4;Rath Medulla;2;Frenzy Crystal;2
Captain Suit J;4;-1;0;0;1;7;26;-3;-3;-3;-3;-3;Carving;3;Fate;2;Tranquilzr;2;Protection;-3;;;Pirate J Ticket;1;S.Zinogre Carapace;5;S.Zin Drakeshell;2;Dracophage Bug;3
Captain Vest J;4;-1;0;0;2;7;13;-2;-2;-2;-2;-2;Carving;3;Fate;1;Tranquilzr;2;Protection;-3;;;Pirate J Ticket;1;S.Zinogre Carapace;5;S.Zin Drakeshell;2;Dracophage Bug;3
Hunter's Camo Suit;4;-1;0;0;1;7;26;2;2;2;2;2;Carving;10;;;;;;;;;Fan Club Certificate;3;Congalala Pelt+;3;Lagombi Ear+;2;Frenzy Crystal;2
Hunter's Camo Jacket;4;-1;0;0;2;7;13;3;3;3;3;3;Carving;10;;;;;;;;;Fan Club Certificate;3;Congalala Pelt+;3;Lagombi Ear+;2;Frenzy Crystal;2
Legend Suit J;8;-1;0;0;1;7;44;-4;-4;-4;-4;-4;Avarice;3;Carving;2;Protection;-4;;;;;Legend J Pirate Hat;1;Teostra Claw+;4;Teostra Carapace;4;Teostra Gem;1
Legend Vest J;8;-1;0;0;2;7;22;-3;-3;-3;-3;-3;Avarice;3;Carving;2;Protection;-4;;;;;Legend J Pirate Hat;1;Teostra Claw+;4;Teostra Carapace;4;Teostra Gem;1
Bouya Jacket;4;-1;0;0;1;7;44;1;1;1;1;1;Attack;5;Stam Recov;3;Sense;-3;;;;;Goddess's Melody;2;Silver Guild Ticket;1;Ioprey Scale+;6;Iodrome Head;3
Bouya Jumper;4;-1;0;0;2;7;22;2;2;2;2;2;Attack;5;Stam Recov;3;Sense;-3;;;;;Goddess's Melody;2;Silver Guild Ticket;1;Ioprey Scale+;6;Iodrome Head;3
Uniqlo Bomber;4;-1;1;0;1;7;44;-3;0;0;1;4;Hearing;2;Evade Dist;3;Eating;-2;Cold Res;2;;;Uniqlo Ticket;2;Tigrex Maw;3;Frenzy Crystal;2;Frenzy Shard;2
Uniqlo Hoodie;4;-1;1;0;2;7;22;-2;1;1;2;5;Hearing;2;Evade Dist;3;Eating;-2;Cold Res;2;;;Uniqlo Ticket;2;Tigrex Maw;3;Frenzy Crystal;2;Frenzy Shard;2
Star Rook Mail;4;-1;3;0;1;7;52;0;0;0;0;0;Spirit;1;Unshakable;1;Mounting;3;;;;;Gold Studio Pass;1;G.Rathian Scale+;3;A.Rathalos Carapace;4;Rath Gleam;2
Star Rook Vest;4;-1;3;0;2;7;26;1;1;1;1;1;Spirit;1;Unshakable;1;Mounting;2;;;;;Gold Studio Pass;1;G.Rathian Scale+;3;A.Rathalos Carapace;4;Rath Gleam;2
Zodias Mail;4;-1;1;0;1;7;52;1;1;1;1;1;Prudence;3;Fencing;2;Mounting;-3;;;;;Black Heaven Stardust;1;Daora Claw+;2;Daora Webbing;2;Gold Guild Ticket;1
Zodias Vest;4;-1;1;0;2;7;26;2;2;2;2;2;Prudence;3;Loading;2;Mounting;-3;;;;;Black Heaven Stardust;1;Daora Claw+;2;Daora Webbing;2;Gold Guild Ticket;1
Hero's Clothes;5;-1;1;0;1;7;52;2;2;2;2;2;FreeElemnt;2;Fate;1;Health;4;Hunger;-3;;;Triforce;1;Rathian Webbing;3;Rathian Carapace;4;Kirin Thundertail;2
Hero's Garments;5;-1;1;0;2;7;26;3;3;3;3;3;FreeElemnt;2;Fate;1;Health;4;Hunger;-3;;;Triforce;1;Rathian Webbing;3;Rathian Carapace;4;Kirin Thundertail;2
Ogre's Jacket;4;-1;0;0;1;7;52;6;6;6;6;6;Spirit;4;Potential;2;Sense;-5;;;;;World Champion Title;1;Deviljho Hide;3;Deviljho Scale;2;Deviljho Gem;1
Ogre's Vest;4;-1;0;0;2;7;26;7;7;7;7;7;Spirit;4;Potential;2;Sense;-5;;;;;World Champion Title;1;Deviljho Hide;3;Deviljho Scale;2;Deviljho Gem;1
EX Kirin Jacket U;7;-1;2;0;1;7;1;0;1;3;0;6;FreeElemnt;2;Blight Res;1;Fate;-2;Elemental;2;;;Oroshi Kirin Ticket;1;Kirin Hide+;4;Basarios Tears;2;Gold Guild Ticket;1
EX Kirin Cape U;7;-1;2;0;2;7;1;1;2;4;1;7;FreeElemnt;2;Blight Res;2;Fate;-2;Elemental;1;;;Oroshi Kirin Ticket;1;Kirin Hide+;4;Basarios Tears;2;Gold Guild Ticket;1
EX Ingot Mail;5;-1;2;0;1;7;41;-2;2;0;-2;0;Artillery;2;Guard Boost;2;Sheathing;1;Whim;-2;;;Viper & Toad Ticket;1;Yoldspar Ore;20;Wyvern Gem;4;Silver Guild Ticket;1
EX Ingot Vest;5;-1;2;0;2;7;21;-1;3;1;-1;1;Recoil;1;Artillery;2;Pellet Up;2;Whim;-2;;;Viper & Toad Ticket;1;Yoldspar Ore;20;Wyvern Gem;4;Silver Guild Ticket;1
EX Artian Mail;8;-1;1;0;1;7;52;0;-3;3;-3;2;Crit Draw;2;Guard Boost;1;Sharpener;-3;Stam Recov;3;;;Rajang Ticket;1;Ancient Fragment;6;Rajang Nerve;1;Gold Guild Ticket;1
EX Artian Vest;8;-1;1;0;2;7;26;1;-2;4;-2;3;Reload Spd;-3;Recoil;1;Loading;2;Precision;3;;;Rajang Ticket;1;Ancient Fragment;6;Rajang Nerve;1;Gold Guild Ticket;1
EX Gore Mail;8;-1;1;0;1;7;58;-5;-3;-2;3;2;Biology;2;Resilience;2;Spirit;2;Fire Res;-3;;;Gore Magala Ticket;1;Gore Magala Carapace;5;S.Magala Phosgem;2;Gold Guild Ticket;1
EX Gore Vest;8;-1;1;0;2;7;29;-4;-2;-1;4;3;Biology;2;Resilience;2;Spirit;2;Fire Res;-3;;;Gore Magala Ticket;1;Gore Magala Carapace;5;S.Magala Phosgem;2;Gold Guild Ticket;1
EX Rebellion Mail;8;-1;1;0;1;7;81;3;-2;-3;3;-2;Fury;1;Brutality;2;Attack;-4;Frenzy Res;1;;;Dalamadur Ticket;1;Dalamadur Pectus;4;S.Magala Phosgem;3;Gold Guild Ticket;2
EX Riot Vest;8;-1;1;0;2;7;41;4;-1;-2;4;-1;Fury;1;Brutality;2;Attack;-4;Frenzy Res;1;;;Dalamadur Ticket;1;Dalamadur Pectus;4;S.Magala Phosgem;3;Gold Guild Ticket;2
Patissier's Suit;4;-1;2;0;1;7;58;4;2;-5;2;2;LastingPwr;1;Fire Atk;3;PowerEater;2;;;;;Yukumo Ticket;1;Seregios Slavescale;3;Lagombi Plastron+;2;Voucher;2
Patissier's Vest;4;-1;2;0;2;7;29;5;3;-4;3;3;LastingPwr;1;Fire Atk;3;PowerEater;2;;;;;Yukumo Ticket;1;Seregios Slavescale;3;Lagombi Plastron+;2;Voucher;2
Bnahabra Suit X;9;-1;0;0;1;8;72;-5;2;3;-1;-1;FreeElemnt;2;Attack;-2;Status;2;Sheathing;2;Paralysis;1;Bnahabra Razorwing;2;Bnahabra Carapace;2;Monster Essence;2;Emperor Hopper;2
Bnahabra Vest X;9;-1;0;0;2;8;38;-4;3;4;0;0;FreeElemnt;2;Attack;-2;Status;2;Sheathing;2;Paralysis;1;Bnahabra Razorwing;2;Bnahabra Carapace;2;Monster Essence;2;Emperor Hopper;2
Slagtoth Cloak X;9;-1;0;0;1;8;70;-4;0;2;3;-2;Health;9;Rec Speed;6;;;;;;;Prized Pelt;4;Slagtoth Hide+;5;;;;
Slagtoth Wrap X;9;-1;0;0;2;8;36;-3;1;3;4;-1;Health;8;Rec Speed;6;;;;;;;Prized Pelt;4;Slagtoth Hide+;5;;;;
Rhenoplos Mail X;9;-1;1;0;1;8;70;2;-1;1;-1;-1;Artillery;2;KO;1;Stun;-3;Mud/Snow;2;;;Rhenoplos Bone;1;Rhenoplos Carapace;1;Eltalite Ore;2;;
Rhenoplos Vest X;9;-1;1;0;2;8;36;3;0;2;0;0;Artillery;3;KO;1;Stun;-3;Mud/Snow;2;;;Rhenoplos Bone;1;Rhenoplos Carapace;1;Eltalite Ore;2;;
Ioprey Mail X;9;-1;2;0;1;8;80;0;-4;3;-4;3;Status;3;Poison;1;Stun;-2;;;;;Ioprey Piel;3;Ioprey Scale+;2;Eltalite Ore;4;Massive Bone;3
Ioprey Vest X;9;-1;2;0;2;8;43;1;-3;4;-3;4;Status;3;Poison;1;Stun;-2;;;;;Ioprey Piel;3;Ioprey Scale+;2;Eltalite Ore;4;Massive Bone;3
Cephalos Mail X;9;-1;2;0;1;8;74;3;-2;1;0;-3;Fate;3;Psychic;2;Heat Res;2;Hunger;2;Stun;-2;Cephalos Shard;4;Cephalos Pinkfin;1;Cephalos Grandfin;5;Cephalos Hardfang;3
Cephalos Vest X;9;-1;2;0;2;8;40;4;-1;2;1;-2;Fate;3;Psychic;3;Heat Res;2;Hunger;2;Stun;-2;Cephalos Shard;4;Cephalos Pinkfin;1;Cephalos Grandfin;5;Cephalos Hardfang;3
Lagombi Mail X;9;-1;1;0;1;8;80;-3;-1;2;2;2;Evade Dist;2;Sheathing;1;LastingPwr;2;Heat Res;-2;Cold Res;2;Lagombi Fur;3;Lagombi Plastron+;3;Avian Stoutbone;5;Fucium Ore;4
Lagombi Vest X;9;-1;1;0;2;8;43;-2;0;3;3;3;Evade Dist;2;Sheathing;1;LastingPwr;2;Heat Res;-2;Cold Res;2;Lagombi Fur;3;Lagombi Plastron+;3;Avian Stoutbone;5;Fucium Ore;4
Kecha Mail X;9;-1;2;0;1;8;74;-5;-3;3;3;0;Fate;-1;Water Atk;2;Constitutn;1;Whim;3;;;Kecha Auricle;2;Kecha Fur;2;Massive Bone;1;Emperor Hopper;2
Kecha Vest X;9;-1;2;0;2;8;40;-4;-2;4;4;1;Fate;-1;Water Atk;2;Constitutn;1;Whim;3;;;Kecha Auricle;2;Kecha Fur;2;Massive Bone;1;Emperor Hopper;2
Kecha Mail Z;9;-1;2;0;1;8;76;3;-2;3;-5;-3;Def Lock;2;Fire Atk;5;Water Res;-1;Constitutn;2;;;A.Kecha Auricle;2;A.Kecha Fur;2;Massive Bone;1;Emperor Hopper;2
Kecha Vest Z;9;-1;2;0;2;8;41;4;-1;4;-4;-2;Def Lock;2;Fire Atk;5;Water Res;-1;Constitutn;2;;;A.Kecha Auricle;2;A.Kecha Fur;2;Massive Bone;1;Emperor Hopper;2
Conga Mail X;9;-1;0;0;1;8;74;-4;1;3;1;-1;Biology;3;Status;1;Gluttony;4;Hunger;-2;Mycology;1;Congalala Fur;3;Conga Pelt+;4;Rhenoplos Bone;4;Emperor Hopper;3
Conga Vest X;9;-1;0;0;2;8;40;-3;2;4;2;0;Biology;3;Status;1;Gluttony;4;Hunger;-2;Mycology;1;Congalala Fur;3;Conga Pelt+;4;Rhenoplos Bone;4;Emperor Hopper;3
Conga Mail Z;9;-1;1;0;1;8;76;1;0;3;0;-4;Tenderizer;1;Potential;4;Bomb Boost;2;Hunger;-1;Mycology;1;E.Congalala Fur;3;Conga Pelt+;4;Rhenoplos Bone;4;Hercudrome;3
Conga Vest Z;9;-1;1;0;2;8;41;2;1;4;1;-3;Tenderizer;1;Potential;4;Bomb Boost;2;Hunger;-1;Mycology;1;E.Congalala Fur;3;Conga Pelt+;4;Rhenoplos Bone;4;Hercudrome;3
Gypceros Mail X;9;-1;1;0;1;8;75;-5;3;0;2;-2;Expert;1;Stamina;3;Hunger;-2;Poison;2;;;Rubbery Finehide;5;Monster Essence;3;Novacrystal;1;Deadly Poison Sac;3
Gypceros Vest X;9;-1;1;0;2;8;40;-4;4;1;3;-1;Expert;1;Stamina;3;Hunger;-2;Poison;3;;;Rubbery Finehide;5;Monster Essence;3;Novacrystal;1;Deadly Poison Sac;3
Gypceros Mail Z;9;-1;2;0;1;8;77;-5;3;0;2;-2;Expert;-2;Stam Recov;2;Wind Res;2;Stun;2;;;Rubbery Purple Hide+;4;Monster Essence;3;Novacrystal;1;Emperor Hopper;2
Gypceros Vest Z;9;-1;2;0;2;8;41;-4;4;1;3;-1;Expert;-2;Stam Recov;2;Wind Res;1;Stun;2;;;Rubbery Purple Hide+;4;Monster Essence;3;Novacrystal;1;Emperor Hopper;2
Hermitaur Mail X;9;-1;2;0;1;8;75;-3;-4;1;3;0;Defense;2;Guard;3;ThunderRes;-2;LightEater;3;;;Hermitaur Cortex;4;Hermitaur Hardclaw;1;Emperor Hopper;3;Monster Hardbone;5
Hermitaur Vest X;9;-1;2;0;2;8;40;-2;-3;2;4;1;Defense;2;Precision;3;ThunderRes;-2;LightEater;3;;;Hermitaur Cortex;4;Hermitaur Hardclaw;1;Emperor Hopper;3;Monster Hardbone;5
Hermitaur Mail Z;9;-1;2;0;1;8;86;0;-2;1;3;-4;Crit Draw;2;Guard;2;Stamina;-2;Guts;1;Constitutn;2;Hermitaur Purpshell;3;Fine Black Pearl;1;Monster Hardbone;3;Emperor Hopper;6
Hermitaur Vest Z;9;-1;2;0;2;8;46;1;-1;2;6;-2;Recoil;2;Guts;1;Loading;-2;Pierce Up;2;Clust S+;2;Hermitaur Purpshell;3;Fine Black Pearl;1;Monster Hardbone;3;Emperor Hopper;6
Tetsucabra Mail X;9;-1;1;0;1;8;78;3;-4;2;-5;0;Defense;2;Gathering;-3;Health;2;Sharpener;1;Stam Drain;2;Tetsucabra Shard;3;Tetsucabra Hardclaw;2;Rhenoplos Bone;3;Paddock Cream;3
Tetsucabra Vest X;9;-1;1;0;2;8;42;4;-3;3;-4;1;Reload Spd;1;Defense;2;Gathering;-3;Health;2;Stam Drain;2;Tetsucabra Shard;3;Tetsucabra Hardclaw;2;Rhenoplos Bone;3;Paddock Cream;3
Tetsucabra Mail Z;9;-1;2;0;1;8;80;3;-4;2;0;-5;Hearing;4;Guard Boost;1;Sharpener;-1;Bomb Boost;2;;;B.Tetsucabra Shard;3;B.TetsucabraHardclaw;2;Rhenoplos Bone;3;Paddock Cream;3
Tetsucabra Vest Z;9;-1;2;0;2;8;43;4;-3;3;1;-4;Reload Spd;-1;Hearing;4;Guard Boost;1;Bomb Boost;2;;;B.Tetsucabra Shard;3;B.TetsucabraHardclaw;2;Rhenoplos Bone;3;Paddock Cream;3
Nerscylla Mail X;9;-1;1;0;1;8;82;-3;-3;3;3;2;Expert;1;Perception;3;Hunger;-2;CritStatus;2;Sticky Res;4;Nerscylla Scishorn;4;Nerscylla Cortex;3;Nerscylla Surspike;2;Rubbery Finehide;2
Nerscylla Vest X;9;-1;1;0;2;8;44;-2;-2;4;4;3;Expert;1;Perception;2;Hunger;-2;CritStatus;2;Sticky Res;4;Nerscylla Scishorn;4;Nerscylla Cortex;3;Nerscylla Surspike;2;Rubbery Finehide;2
Zamtrios Mail X;9;-1;1;0;1;8;84;-4;-5;0;3;3;Destroyer;2;Ice Atk;3;Carnivore;3;Eating;1;Hunger;-2;Zamtrios Grandfin;2;Zamtrios Shard;2;Paddock Cream;1;Crushing Fang;3
Zamtrios Vest X;9;-1;1;0;2;8;45;-3;-4;1;4;4;Destroyer;2;Ice Atk;3;Carnivore;3;Eating;1;Hunger;-2;Zamtrios Grandfin;2;Zamtrios Shard;2;Paddock Cream;1;Crushing Fang;3
Zamtrios Mail Z;9;-1;0;0;1;8;86;2;-4;0;3;-5;Stam Recov;4;Rec Speed;4;Tremor Res;1;Bleeding;-1;;;T.Zamtrios Grandfin;2;T.Zamtrios Shard;2;Paddock Cream;1;Crushing Fang;3
Zamtrios Vest Z;9;-1;0;0;2;8;46;3;-3;1;4;-4;Stam Recov;4;Rec Speed;4;Tremor Res;1;Bleeding;-1;;;T.Zamtrios Grandfin;2;T.Zamtrios Shard;2;Paddock Cream;1;Crushing Fang;3
Najarala Mail X;9;-1;1;0;1;8;86;3;0;3;-3;-5;Tenderizer;1;Tranquilzr;2;Hearing;3;Whim;-3;;;Najarala Piel;6;Najarala Ampsounder;5;Najarala Hide+;3;Omniplegia Sac;3
Najarala Vest X;9;-1;1;0;2;8;46;4;1;4;-2;-4;Tenderizer;1;Tranquilzr;2;Hearing;3;Whim;-3;;;Najarala Piel;6;Najarala Ampsounder;5;Najarala Hide+;3;Omniplegia Sac;3
Najarala Mail Z;9;-1;1;0;1;8;88;-5;-3;3;3;4;PunishDraw;3;Stam Drain;2;Water Atk;1;Stam Recov;-1;;;T.Najarala Piel;6;T.Najarala Splasher;4;T.Najarala Cortex;3;Flood Sac;3
Najarala Vest Z;9;-1;1;0;2;8;47;-4;-2;4;4;5;Rapid Fire;3;Stam Drain;2;Water Atk;1;Stam Recov;-1;;;T.Najarala Piel;6;T.Najarala Splasher;4;T.Najarala Cortex;3;Flood Sac;3
Khezu Mail X;9;-1;1;0;1;8;84;-5;1;1;1;2;ThunderAtk;2;Wide-Range;6;Rec Speed;1;Stun;-1;;;Khezu Special Cut;1;Pearl Glosshide;3;Monster Essence;6;Novacrystal;2
Khezu Vest X;9;-1;1;0;2;8;45;-4;2;2;2;3;ThunderAtk;2;Wide-Range;6;Rec Speed;1;Stun;-1;;;Khezu Special Cut;1;Pearl Glosshide;3;Monster Essence;6;Novacrystal;2
Khezu Mail Z;9;-1;2;0;1;8;86;1;1;1;-5;2;Rec Level;1;Wide-Range;2;Rec Speed;-2;LightEater;3;;;Alluring Glosshide;3;Khezu Special Cut;1;Monster Slogbone;1;Novacrystal;2
Khezu Vest Z;9;-1;2;0;2;8;46;2;2;2;-4;3;Rec Level;1;Wide-Range;2;Rec Speed;-2;LightEater;3;;;Alluring Glosshide;3;Khezu Special Cut;1;Monster Slogbone;1;Novacrystal;2
Rathian Mail X;9;-1;1;0;1;8;84;3;-2;-4;0;0;FreeElemnt;2;Health;1;Fire Atk;2;Rec Level;4;Rec Speed;-3;Rathian Shard;4;Conflagrant Sac;4;Rathian Ruby;1;Firecell Stone;2
Rathian Vest X;9;-1;1;0;2;8;45;4;-1;-3;1;1;FreeElemnt;2;Health;1;Fire Atk;3;Rec Level;4;Rec Speed;-2;Rathian Shard;4;Conflagrant Sac;4;Rathian Ruby;1;Firecell Stone;2
Rath Heart Mail Z;9;-1;1;0;1;8;86;3;-2;-4;0;0;Potential;2;Fire Atk;4;Wind Res;4;Sense;-1;;;P.Rathian Shard;3;P.Rathian Cortex;2;Eltalite Ore;4;Rathian Ruby;1
Rath Heart Vest Z;9;-1;1;0;2;8;46;4;-1;-3;1;1;Potential;3;Fire Atk;4;Wind Res;3;Sense;-1;;;P.Rathian Shard;3;P.Rathian Cortex;2;Eltalite Ore;4;Rathian Ruby;1
Velociprey Mail X;9;-1;1;0;1;8;74;0;0;3;0;-5;Attack;4;Psychic;2;Paralysis;-2;Stun;2;;;Velocidrome Hardclaw;2;Velociprey Hide+;3;Tough Bird Wyv Hide;3;Eltalite Ore;2
Velociprey Vest X;9;-1;1;0;2;8;40;1;1;4;1;-4;Attack;4;Psychic;2;Paralysis;-2;Stun;2;;;Velocidrome Hardclaw;2;Velociprey Hide+;3;Tough Bird Wyv Hide;3;Eltalite Ore;2
Kut-Ku Mail X;9;-1;2;0;1;8;74;3;-2;2;0;-4;Attack;4;Fire Res;5;Carnivore;2;;;;;Kut-Ku Shard;2;Kut-Ku Cortex;3;Kut-Ku Fellwing;1;Monster Hardbone;3
Kut-Ku Vest X;9;-1;2;0;2;8;40;4;-1;3;1;-3;Attack;4;Fire Res;5;Carnivore;2;;;;;Kut-Ku Shard;2;Kut-Ku Cortex;3;Kut-Ku Fellwing;1;Monster Hardbone;3
Kut-Ku Mail Z;9;-1;2;0;1;8;76;3;-3;2;-4;0;Expert;3;Hearing;-2;Stamina;3;Fire Atk;1;;;Blue Kut-Ku Shard;2;Blue Kut-Ku Cortex;3;Avian Stoutbone;2;Massive Bone;3
Kut-Ku Vest Z;9;-1;2;0;2;8;41;4;-2;3;-3;1;Expert;3;Hearing;-2;Stamina;3;Fire Atk;1;;;Blue Kut-Ku Shard;2;Blue Kut-Ku Cortex;3;Avian Stoutbone;2;Massive Bone;3
Basarios Mail X;9;-1;1;0;1;8;86;-1;1;-3;-2;1;Handicraft;2;Sheathing;1;Eating;3;Hunger;-2;Mud/Snow;2;Basarios Cortex;5;Firecell Stone;1;Fucium Ore;10;Lrg Wyvern Gem;1
Basarios Vest X;9;-1;1;0;2;8;46;0;2;-2;-1;2;Sheathing;1;Loading;2;Eating;3;Hunger;-2;Mud/Snow;2;Basarios Cortex;5;Firecell Stone;1;Fucium Ore;10;Lrg Wyvern Gem;1
Basarios Mail Z;9;-1;1;0;1;8;88;0;0;1;-2;-3;Guard;3;Destroyer;2;Heat Res;1;Poison;2;Paralysis;-2;R.Basarios Cortex;5;R.Basarios Fellwing;1;Firecell Stone;1;Fucium Ore;10
Basarios Vest Z;9;-1;1;0;2;8;47;1;1;2;-1;-2;Destroyer;3;Normal Up;2;Heat Res;1;Poison;2;Paralysis;-2;R.Basarios Cortex;5;R.Basarios Fellwing;1;Firecell Stone;1;Fucium Ore;10
Qurupeco Mail X;9;-1;1;0;1;8;75;2;0;0;-1;-3;LastingPwr;4;Ice Res;-2;Perception;2;Wide-Range;3;Maestro;2;Qurupeco Shard;1;Seltas Razorwing;1;Basarios Cortex;2;Monster Essence;2
Qurupeco Vest X;9;-1;1;0;2;8;40;3;1;1;0;-2;LastingPwr;4;Ice Res;-2;Perception;2;Wide-Range;2;Maestro;2;Qurupeco Shard;1;Seltas Razorwing;1;Basarios Cortex;2;Monster Essence;2
Barroth Mail X;9;-1;0;0;1;8;85;-4;1;0;4;-2;Attack;1;Guard;3;Guard Boost;2;Constitutn;3;Hunger;-2;Barroth Crown;1;Barroth Cortex;2;Emperor Hopper;2;;
Barroth Vest X;9;-1;0;0;2;8;45;-3;2;1;5;-1;Attack;1;Guard Boost;2;Precision;3;Constitutn;3;Hunger;-2;Barroth Crown;1;Barroth Cortex;2;Emperor Hopper;2;;
Gobul Mail X;9;-1;1;0;1;8;85;-2;-4;1;3;0;Fencing;2;Expert;3;Eating;2;Rec Speed;-2;;;Gobul Piel;2;Zamtrios Tailbrand;1;Paddock Cream;3;Fey Wyvern Gem;1
Gobul Vest X;9;-1;1;0;2;8;45;-1;-3;2;4;1;Recoil;2;Expert;3;Eating;2;Rec Speed;-2;;;Gobul Piel;2;Zamtrios Tailbrand;1;Paddock Cream;3;Fey Wyvern Gem;1
Nibelsnarf Mail X;9;-1;2;0;1;8;85;2;-2;1;0;-4;PunishDraw;1;Sheathing;1;ThunderAtk;-2;Eating;2;;;Nibelsnarf Cortex;4;Monster Essence;1;Monster Slogbone;3;;
Nibelsnarf Vest X;9;-1;2;0;2;8;45;3;-1;2;1;-3;Reload Spd;2;Sheathing;1;Loading;2;Pierce Up;1;ThunderAtk;-2;Nibelsnarf Cortex;4;Monster Essence;1;Monster Slogbone;3;;
Barioth Mail X;9;-1;2;0;1;8;87;-5;-1;0;0;3;Evasion;3;Ice Atk;1;Constitutn;2;Stam Recov;-4;;;Barioth Thickfur;4;Massive Bone;4;Cryo Sac;5;;
Barioth Vest X;9;-1;2;0;2;8;47;-4;0;1;1;4;Evasion;3;Ice Atk;1;Constitutn;2;Stam Recov;-4;;;Barioth Thickfur;4;Massive Bone;4;Cryo Sac;5;;
Agnaktor Mail X;9;-1;0;0;1;8;88;3;0;0;-5;-1;Fencing;3;Sharpness;2;Guard;1;Potential;-2;Fire Atk;4;Agnaktor Cortex;2;Fine Agnaktor Fin;1;Vicious Visage;1;;
Agnaktor Vest X;9;-1;0;0;2;8;47;4;1;1;-4;0;Potential;-2;Loading;2;Normal Up;2;Precision;1;Fire Atk;4;Agnaktor Cortex;2;Fine Agnaktor Fin;1;Vicious Visage;1;;
Plesioth Mail Z;9;-1;0;0;1;8;80;-4;-4;0;4;2;Tranquilzr;4;Stamina;2;Heat Res;3;SpeedSetup;1;;;Fine G.Plesioth Fin;3;Crushing Fang;4;Monster Essence;2;;
Plesioth Vest Z;9;-1;0;0;2;8;43;-2;-2;1;6;3;Tranquilzr;4;Stamina;2;Heat Res;3;SpeedSetup;1;;;Fine G.Plesioth Fin;3;Crushing Fang;4;Monster Essence;2;;
Kita Star Jacket;9;-1;2;0;1;8;84;-2;-2;2;4;3;Health;4;Water Atk;1;D. Fencing;3;;;;;Argosy Ticket;1;Zamtrios Piel;3;Purecrystal;2;;
Umi Ocean Jacket;9;-1;2;0;2;8;45;-1;-1;3;5;4;Health;3;Water Atk;1;D. Fencing;3;;;;;Argosy Ticket;1;Zamtrios Piel;3;Purecrystal;2;;
Obituary Thorax X;9;-1;1;1;1;8;72;3;3;2;-5;-4;Gathering;3;Evasion;3;Status;2;Cold Res;-2;;;Great Elder Hornfly;2;Emperor Hopper;2;Deadly Poison Sac;3;;
Obituary Pleuron X;9;-1;1;1;2;8;38;4;5;2;-4;-3;Gathering;3;Evasion;3;Status;2;Cold Res;-2;;;Great Elder Hornfly;2;Emperor Hopper;2;Deadly Poison Sac;3;;
Butterfly Thorax X;9;-1;1;2;1;8;72;3;3;2;-5;-4;Gathering;3;Evasion;3;Status;2;Cold Res;-2;;;Great Elder Hornfly;2;Emperor Hopper;2;Deadly Poison Sac;3;;
Butterfly Pleuron X;9;-1;1;2;2;8;38;4;5;2;-4;-3;Gathering;3;Evasion;3;Status;2;Cold Res;-2;;;Great Elder Hornfly;2;Emperor Hopper;2;Deadly Poison Sac;3;;
Aelucanth Thorax X;10;-1;0;1;1;8;92;-4;3;1;0;-1;FreeElemnt;2;Hearing;3;Dragon Atk;4;Protection;-1;Honey;3;Elder Bfly Beetle;2;Cosmicite Ore;1;Flutterfly;2;Glueglopper;15
Aelucanth Pleuron X;10;-1;0;1;2;8;50;-3;4;2;1;0;FreeElemnt;2;Hearing;3;Dragon Atk;4;Protection;-1;Honey;3;Elder Bfly Beetle;2;Cosmicite Ore;1;Flutterfly;2;Glueglopper;15
Rhopessa Thorax X;10;-1;0;2;1;8;92;-4;3;1;0;-1;FreeElemnt;2;Hearing;3;Dragon Atk;4;Protection;-1;Honey;3;Elder Bfly Beetle;2;Cosmicite Ore;1;Flutterfly;2;Glueglopper;15
Rhopessa Pleuron X;10;-1;0;2;2;8;50;-3;4;2;1;0;FreeElemnt;2;Hearing;3;Dragon Atk;4;Protection;-1;Honey;3;Elder Bfly Beetle;2;Cosmicite Ore;1;Flutterfly;2;Glueglopper;15
Guardian Suit X;9;-1;1;1;1;8;80;0;0;0;0;0;Gathering;-2;Fate;1;Artillery;3;Psychic;1;Protection;2;Eltalite Ore;2;Black Belt Coin G;3;Snake Coin G;5;;
Guardian Vest X;9;-1;1;1;2;8;43;1;1;1;1;1;Gathering;-2;Fate;1;Psychic;1;Wide-Range;3;Protection;2;Eltalite Ore;2;Black Belt Coin G;3;Snake Coin G;5;;
Helper Vest X;9;-1;1;2;1;8;80;0;0;0;0;0;Gathering;-2;Fate;1;Artillery;3;Psychic;1;Protection;2;Eltalite Ore;2;Black Belt Coin G;3;Snake Coin G;5;;
Healer Vest X;9;-1;1;2;2;8;43;1;1;1;1;1;Gathering;-2;Fate;1;Psychic;1;Wide-Range;3;Protection;2;Eltalite Ore;2;Black Belt Coin G;3;Snake Coin G;5;;
Regios Mail X;10;-1;1;0;1;9;92;3;-3;0;0;-2;Sharpener;-2;Constitutn;3;Bleeding;4;Edge Lore;1;;;Seregios Airblade+;4;Seregios Slavescale+;5;Seregios Impaler+;1;Piercing Claw;5
Regios Vest X;10;-1;2;0;2;9;50;4;-2;1;1;-1;Reload Spd;-4;Recoil;1;Constitutn;3;Bleeding;4;;;Seregios Airblade+;4;Seregios Slavescale+;5;Seregios Impaler+;1;Piercing Claw;5
Nerscylla Mail Z;10;-1;2;0;1;9;92;-1;0;3;3;-3;Carving;1;Expert;1;Health;-1;Evade Dist;1;CritStatus;3;S.Nerscylla Scishorn;4;S.Nerscylla Cortex;3;S.Nerscylla Surspike;2;Pearl Glosshide;2
Nerscylla Vest Z;10;-1;2;0;2;9;50;0;1;4;4;-2;Carving;1;Expert;1;Health;-1;Evade Dist;1;CritStatus;3;S.Nerscylla Scishorn;4;S.Nerscylla Cortex;3;S.Nerscylla Surspike;2;Pearl Glosshide;2
Rathalos Mail X;10;-1;1;0;1;9;92;3;-2;-4;0;0;Attack;4;Fire Atk;2;Rec Level;-2;;;;;Rathalos Shard;5;Rathalos Cortex;2;Rathalos Fellwing;3;Meldspar Ore;2
Rathalos Vest X;10;-1;1;0;2;9;50;4;-1;-3;1;1;Attack;4;Fire Atk;2;Rec Level;-2;;;;;Rathalos Shard;5;Rathalos Cortex;2;Rathalos Fellwing;3;Meldspar Ore;2
Rath Soul Mail Z;10;-1;1;0;1;9;94;3;0;-4;0;-2;Expert;4;Health;-3;Hearing;3;CritElemnt;1;;;A.Rathalos Cortex;3;A.Rathalos Shard;3;Conflagrant Sac;3;Monster Slogbone;2
Rath Soul Vest Z;10;-1;1;0;2;9;51;4;1;-3;1;-1;Expert;4;Health;-3;Hearing;3;CritElemnt;1;;;A.Rathalos Cortex;3;A.Rathalos Shard;3;Conflagrant Sac;3;Monster Slogbone;2
Tigrex Mail X;10;-1;1;0;1;9;96;2;-4;-2;-1;0;Spirit;1;Attack;3;Sharpener;-2;Psychic;4;Gluttony;3;Tigrex Hardclaw;4;Tigrex Cortex;6;Tigrex Hardfang;2;;
Tigrex Vest X;10;-1;1;0;2;9;52;3;-3;-1;0;1;Recoil;-2;Spirit;1;Attack;3;Psychic;4;Gluttony;2;Tigrex Hardclaw;4;Tigrex Cortex;6;Tigrex Hardfang;2;;
Tigrex Mail Z;10;-1;2;0;1;9;97;2;-2;-1;-4;0;Hearing;4;Sharpener;-1;Perception;2;Eating;3;;;B.Tigrex Hardclaw;5;B.Tigrex Cortex;4;B.Tigrex Hardfang;2;Allfire Stone;3
Tigrex Vest Z;10;-1;2;0;2;9;54;3;-1;0;-3;1;Recoil;-1;Hearing;4;Perception;2;Eating;3;;;B.Tigrex Hardclaw;5;B.Tigrex Cortex;4;B.Tigrex Hardfang;2;Allfire Stone;3
Zinogre Mail X;10;-1;3;0;1;9;90;0;3;1;-2;-4;Gloves Off;1;Guts;2;ThunderAtk;2;Sense;-1;;;Zinogre Electrofur+;4;Zinogre Cortex;5;Zinogre Skymerald;1;Emperor Hopper;5
Zinogre Vest X;10;-1;3;0;2;9;49;1;4;2;-1;-3;Gloves Off;1;Evasion;4;ThunderAtk;2;Sense;-1;;;Zinogre Electrofur+;4;Zinogre Cortex;5;Zinogre Skymerald;1;Emperor Hopper;5
Zinogre Mail Z;10;-1;1;0;1;9;94;0;-5;4;-4;0;Evasion;1;FastCharge;3;Unscathed;1;Dragon Atk;3;Rec Level;-2;S.Zin Dragonlocks;4;S.Zinogre Cortex;5;S.Zinogre Skymerald;1;Dragonbone Artifact;3
Zinogre Vest Z;10;-1;1;0;2;9;51;1;-4;5;-3;1;Evasion;2;Unscathed;1;Loading;3;Dragon Atk;3;Rec Level;-1;S.Zin Dragonlocks;4;S.Zinogre Cortex;5;S.Zinogre Skymerald;1;Dragonbone Artifact;3
Seltas Mail X;10;-1;1;0;1;9;96;-4;-1;3;3;-3;FreeElemnt;2;Tranquilzr;1;Artillery;4;Sharpness;2;Stam Recov;-2;S.Queen Pectus+;4;S.Queen Moonlash;4;S.Queen Concentrate;1;Bnahabra Razorwing;4
Seltas Vest X;10;-1;1;0;2;9;52;-3;0;4;4;-2;FreeElemnt;2;Reload Spd;3;Artillery;4;Crag S+;1;Stam Recov;-2;S.Queen Pectus+;4;S.Queen Moonlash;4;S.Queen Concentrate;1;Bnahabra Razorwing;4
Seltas Mail Z;10;-1;1;0;1;9;97;3;-3;3;-1;-4;Sharpness;-2;Guard Boost;3;Destroyer;1;Loading;3;Stam Recov;2;D.S.Queen Pectus+;4;D.S.Queen Moonlash;4;S.Queen Concentrate;1;Bnahabra Razorwing;4
Seltas Vest Z;10;-1;1;0;2;9;54;4;-2;4;0;-3;Destroyer;1;Sheathing;3;Pellet Up;3;Crag S+;2;Precision;-2;D.S.Queen Pectus+;4;D.S.Queen Moonlash;4;S.Queen Concentrate;1;Bnahabra Razorwing;4
Gravios Mail X;10;-1;2;0;1;9;96;3;0;-3;-4;2;Unshakable;2;Defense;4;Guard;2;Stamina;-1;;;Gravios Cortex;5;Gravios Fellwing;2;Monster Slogbone;1;Conflagrant Sac;2
Gravios Vest X;10;-1;2;0;2;9;52;4;1;-2;-3;3;Recoil;2;Unshakable;2;Defense;4;Stamina;-1;;;Gravios Cortex;5;Gravios Fellwing;2;Monster Slogbone;1;Conflagrant Sac;2
Gravios Mail Z;10;-1;3;0;1;9;97;3;1;1;-5;1;Resilience;3;Fencing;2;Guard Boost;1;Stamina;-1;;;B.Gravios Cortex;5;Coma Sac;2;Monster Slogbone;2;B.Gravios Pallium;1
Gravios Vest Z;10;-1;3;0;2;9;54;4;2;2;-4;2;Resilience;3;Recoil;1;Guard Boost;1;Stamina;-1;;;B.Gravios Cortex;5;Coma Sac;2;Monster Slogbone;2;B.Gravios Pallium;1
Diablos Mail X;10;-1;1;0;1;9;96;2;0;0;0;-4;Handicraft;2;Crit Draw;2;Sharpener;-2;Sheathing;1;Tremor Res;2;Diablos Chine;5;Diablos Hardhorn;1;Monster Slogbone;3;Seltas Cortex;4
Diablos Vest X;10;-1;1;0;2;9;53;3;1;1;1;-3;Reload Spd;3;Sheathing;1;Loading;2;Pierce Up;1;Precision;-2;Diablos Chine;5;Diablos Hardhorn;1;Monster Slogbone;3;Seltas Cortex;4
Diablos Mail Z;10;-1;2;0;1;9;98;4;0;0;0;-6;Tenderizer;2;Evade Dist;2;Stam Drain;1;KO;1;Dragon Atk;-2;Blackcurl Stouthorn;2;B.Diablos Chine;5;Blos Medulla;2;Avian Stoutbone;2
Diablos Vest Z;10;-1;2;0;2;9;54;5;1;1;1;-5;Reload Spd;1;Recoil;1;Tenderizer;2;Evade Dist;2;Dragon Atk;-2;Blackcurl Stouthorn;2;B.Diablos Chine;5;Blos Medulla;2;Avian Stoutbone;2
Brachydios Mail X;10;-1;1;0;1;9;96;3;0;0;-4;-2;Crit Draw;2;Spirit;3;Evasion;-2;Potential;2;Bomb Boost;2;Brach Cortex;4;Fine Brach Ebonshell;3;Brach Gem;2;Monster Slogbone;2
Brachydios Vest X;10;-1;1;0;2;9;53;4;1;1;-3;-1;Rapid Fire;2;Spirit;3;Evasion;-2;Potential;2;Bomb Boost;2;Brach Cortex;4;Fine Brach Ebonshell;3;Brach Gem;2;Monster Slogbone;2
Vangis Mail X;11;-1;1;0;1;9;106;0;-4;-4;0;1;Attack;5;Sharpness;1;Eating;4;Hunger;-2;;;Deviljho Hardfang;5;Deviljho Ripper;4;Deviljho Blackpiel;5;Zinogre Jasper;1
Vangis Vest X;11;-1;1;0;2;9;60;1;-3;-3;1;2;Recoil;2;Attack;4;Eating;4;Hunger;-2;;;Deviljho Hardfang;5;Deviljho Ripper;4;Deviljho Blackpiel;5;Zinogre Jasper;1
Chaos Mail;11;-1;2;1;1;9;106;-5;-3;-3;4;2;FreeElemnt;2;Attack;3;Fate;-2;Destroyer;1;CritElemnt;2;Chaos Scale;3;Antinomic Wing;3;Gore Magala Shard;4;Flutterfly;3
Chaos Vest;11;-1;2;1;2;9;60;-4;-2;-2;5;3;Reload Spd;2;Attack;3;Fate;-2;Destroyer;1;CritElemnt;2;Chaos Scale;3;Antinomic Wing;3;Gore Magala Shard;4;Flutterfly;3
Nephilim Mail;11;-1;2;2;1;9;106;-5;-3;-3;4;2;FreeElemnt;2;Attack;3;Fate;-2;Destroyer;1;CritElemnt;2;Chaos Scale;3;Antinomic Wing;3;Gore Magala Shard;4;Flutterfly;3
Nephilim Vest;11;-1;2;2;2;9;60;-4;-2;-2;5;3;Reload Spd;2;Attack;3;Fate;-2;Destroyer;1;CritElemnt;2;Chaos Scale;3;Antinomic Wing;3;Gore Magala Shard;4;Flutterfly;3
Garuga Mail X;10;-1;2;0;1;9;95;3;3;1;-4;-4;Fencing;-1;Expert;2;Hearing;5;Sharpness;2;;;Garuga Shard;4;Garuga Cortex;4;Garuga Fellwing;4;Velocidrome Hardclaw;2
Garuga Vest X;10;-1;2;0;2;9;52;4;4;2;-3;-3;Expert;2;Hearing;5;Stamina;-1;Pierce Up;2;;;Garuga Shard;4;Garuga Cortex;4;Garuga Fellwing;4;Velocidrome Hardclaw;2
Mono Mail X;10;-1;1;0;1;9;96;0;-3;2;2;-4;FreeElemnt;1;Expert;2;Potential;5;Psychic;2;Protection;-2;Monoblos Cortex;4;Scarlet Stouthorn;1;Monoblos Chine;3;Monoblos Heart;2
Mono Vest X;10;-1;1;0;2;9;52;1;-2;3;3;-3;FreeElemnt;1;Expert;2;Potential;5;Psychic;2;Protection;-2;Monoblos Cortex;4;Scarlet Stouthorn;1;Monoblos Chine;3;Monoblos Heart;2
Monodevil Mail;10;-1;1;0;1;9;100;0;-3;2;2;-4;Handicraft;2;Expert;2;Potential;3;Constitutn;3;Protection;-2;W.Monoblos Chine;3;W.Monoblos Cortex;2;Argent Stouthorn;2;Monoblos Heart;1
Monodevil Vest;10;-1;1;0;2;9;55;1;-2;3;3;-3;Expert;2;Potential;3;Loading;2;Constitutn;3;Protection;-2;W.Monoblos Chine;3;W.Monoblos Cortex;2;Argent Stouthorn;2;Monoblos Heart;1
Gore Mail X;10;-1;1;0;1;9;95;-5;-3;-2;3;2;Biology;2;Spirit;2;Elemental;3;Fire Res;-2;Frenzy Res;3;Gore Magala Cortex;2;Gore Magala Eclipse;2;Gore Magala Shard;3;Remobra Finehide;5
Gore Vest X;10;-1;1;0;2;9;52;-4;-2;-1;4;3;Biology;2;Spirit;2;Elemental;3;Fire Res;-2;Frenzy Res;3;Gore Magala Cortex;2;Gore Magala Eclipse;2;Gore Magala Shard;3;Remobra Finehide;5
Nargacuga Mail X;10;-1;1;0;1;9;91;-2;-4;1;1;1;Tenderizer;2;Evasion;3;Stamina;-2;Evade Dist;2;Sense;2;Nargacuga Blackfur+;2;Nargacuga Mantle;1;Pearl Glosshide;6;;
Nargacuga Vest X;10;-1;1;0;2;9;50;-1;-3;2;2;2;Tenderizer;2;Evasion;3;Stamina;-2;Evade Dist;2;Sense;2;Nargacuga Blackfur+;2;Nargacuga Mantle;1;Pearl Glosshide;6;;
Lagiacrus Mail X;10;-1;1;0;1;9;93;-5;3;-1;1;-1;FreeElemnt;1;Tenderizer;2;Status;-2;FastCharge;2;Protection;4;Lagiacrus Shard;4;Deathly Shocker;2;Lagiacrus Mantle;1;T.Najarala Cortex;2
Lagiacrus Vest X;10;-1;2;0;2;9;51;-4;4;0;2;0;FreeElemnt;3;Tenderizer;1;Status;-2;FastCharge;1;Protection;4;Lagiacrus Shard;4;Deathly Shocker;2;Lagiacrus Mantle;1;T.Najarala Cortex;2
Duramboros Mail X;10;-1;2;0;1;9;96;-4;1;1;2;-2;PunishDraw;1;Attack;1;Expert;-2;Stam Drain;1;Survivor;1;Duramboros Hardhorn;2;Monster Slogbone;2;Prized Pelt;4;Durambolite;1
Duramboros Vest X;10;-1;2;0;2;9;52;-3;2;2;3;-1;Attack;1;Expert;-2;FastCharge;1;Stam Drain;1;Survivor;1;Duramboros Hardhorn;2;Monster Slogbone;2;Prized Pelt;4;Durambolite;1
Lava Mail X;10;-1;2;0;1;9;98;2;0;1;-3;0;Stalwart;2;Rec Speed;3;Sense;-2;Flame Aura;2;;;Lavasioth Shard;2;Fine Lavasioth Fin;3;Conflagrant Sac;2;;
Lava Vest X;10;-1;2;0;2;9;54;3;1;2;-2;1;Stalwart;2;Rec Speed;3;Sense;-2;Flame Aura;2;;;Lavasioth Shard;2;Fine Lavasioth Fin;3;Conflagrant Sac;2;;
Artian Mail X;10;-1;2;0;1;9;92;0;-3;3;-3;2;FreeElemnt;1;Crit Draw;3;Guard Boost;4;Stam Recov;1;;;Distorted Fragment;5;Cosmicite Ore;2;Ancient Fragment;2;Novacrystal;6
Artian Vest X;10;-1;2;0;2;9;50;1;-2;4;-2;3;Recoil;3;Rapid Fire;3;Loading;1;Precision;2;;;Distorted Fragment;5;Cosmicite Ore;2;Ancient Fragment;2;Novacrystal;6
Hawksuit X;11;-1;3;1;1;9;106;2;1;2;-1;0;Gathering;1;Sheathing;4;Commander;1;Hunger;-3;;;Caravan Ticket G;1;Palico Ticket;2;Elder Bfly Beetle;3;Meteor Crystal;2
Hawkjacket X;11;-1;3;1;2;9;60;3;2;3;0;1;Gathering;1;Sheathing;4;Commander;1;Hunger;-3;;;Caravan Ticket G;1;Palico Ticket;2;Elder Bfly Beetle;3;Meteor Crystal;2
Lecturer's Suit X;11;-1;3;2;1;9;106;2;1;2;-1;0;Gathering;1;Sheathing;4;Commander;1;Hunger;-3;;;Caravan Ticket G;1;Palico Ticket;2;Elder Bfly Beetle;3;Meteor Crystal;2
Lecturer's Jacket X;11;-1;3;2;2;9;60;3;2;3;0;1;Gathering;1;Sheathing;4;Commander;1;Hunger;-3;;;Caravan Ticket G;1;Palico Ticket;2;Elder Bfly Beetle;3;Meteor Crystal;2
Ace Mail;10;-1;2;1;1;9;92;3;0;2;0;0;Prudence;4;Sharpness;1;Bleeding;-2;;;;;Ace Ticket;1;Rathalos Plate;1;S.Nerscylla Scishorn;3;Elder Dragon Blood;2
Ace Vest;10;-1;2;1;2;9;50;4;1;3;1;1;Prudence;4;Rapid Fire;1;Bleeding;-2;;;;;Ace Ticket;1;Rathalos Plate;1;S.Nerscylla Scishorn;3;Elder Dragon Blood;2
Sororal Mail;10;-1;2;2;1;9;92;3;0;2;0;0;Prudence;4;Sharpness;1;Bleeding;-2;;;;;Ace Ticket;1;Rathalos Plate;1;S.Nerscylla Scishorn;3;Elder Dragon Blood;2
Sororal Vest;10;-1;2;2;2;9;50;4;1;3;1;1;Prudence;4;Rapid Fire;1;Bleeding;-2;;;;;Ace Ticket;1;Rathalos Plate;1;S.Nerscylla Scishorn;3;Elder Dragon Blood;2
Guardian Suit Z;10;-1;2;1;1;9;96;0;0;0;0;0;Potential;-3;SpeedSetup;1;Mounting;3;LightEater;3;;;Meldspar Ore;3;Expert Coin G;3;Flying Coin G;5;;
Guardian Vest Z;10;-1;2;1;2;9;53;1;1;1;1;1;Potential;-3;SpeedSetup;1;Mounting;3;LightEater;3;;;Meldspar Ore;3;Expert Coin G;3;Flying Coin G;5;;
Helper Vest Z;10;-1;2;2;1;9;96;0;0;0;0;0;Potential;-3;SpeedSetup;1;Mounting;3;LightEater;3;;;Meldspar Ore;3;Expert Coin G;3;Flying Coin G;5;;
Healer Vest Z;10;-1;2;2;2;9;53;1;1;1;1;1;Potential;-3;SpeedSetup;1;Mounting;3;LightEater;3;;;Meldspar Ore;3;Expert Coin G;3;Flying Coin G;5;;
G. Knight Suit X;12;-1;2;1;1;9;110;0;0;0;0;0;Carving;2;Wide-Range;4;Sense;-1;;;;;Cosmicite Ore;5;Legend Coin G;3;Brute Coin G;5;;
G. Knight Vest X;12;-1;2;1;2;9;64;1;1;1;1;1;Carving;2;Wide-Range;4;Sense;-1;;;;;Cosmicite Ore;5;Legend Coin G;3;Brute Coin G;5;;
Maiden's Suit X;12;-1;2;2;1;9;110;0;0;0;0;0;Carving;2;Wide-Range;4;Sense;-1;;;;;Cosmicite Ore;5;Legend Coin G;3;Brute Coin G;5;;
Exclusive Vest X;12;-1;2;2;2;9;64;1;1;1;1;1;Carving;2;Wide-Range;4;Sense;-1;;;;;Cosmicite Ore;5;Legend Coin G;3;Brute Coin G;5;;
Arc Mail X;11;-1;2;1;1;10;109;-4;0;-6;4;3;Handicraft;2;Gloves Off;2;Fire Res;-2;Frenzy Res;2;Prayer;2;S.Magala Shard;3;S.Magala Lightwing;2;S.Magala Cortex;4;Meldspar Ore;3
Arc Vest X;11;-1;1;1;2;10;63;-3;1;-5;5;4;Gloves Off;3;Loading;2;Fire Res;-2;Frenzy Res;2;Prayer;2;S.Magala Shard;3;S.Magala Lightwing;2;S.Magala Cortex;4;Meldspar Ore;3
Storge Mail X;11;-1;2;2;1;10;109;-4;0;-6;4;3;Handicraft;2;Gloves Off;2;Fire Res;-2;Frenzy Res;2;Prayer;2;S.Magala Shard;3;S.Magala Lightwing;2;S.Magala Cortex;4;Meldspar Ore;3
Storge Vest X;11;-1;1;2;2;10;63;-3;1;-5;5;4;Gloves Off;3;Loading;2;Fire Res;-2;Frenzy Res;2;Prayer;2;S.Magala Shard;3;S.Magala Lightwing;2;S.Magala Cortex;4;Meldspar Ore;3
Grand God's Peer Robe;11;-1;0;0;1;10;106;2;3;2;1;-6;Gloves Off;5;Spirit;2;Stamina;-2;ThunderAtk;4;;;Rajang Hardhorn;1;Gold Rajang Pelt+;1;Rajang Wildpelt;4;Daora Gem;1
Grand Hermit Robe;11;-1;0;0;2;10;60;3;4;3;2;-5;Reload Spd;3;Gloves Off;4;Spirit;2;Stamina;-2;ThunderAtk;4;Rajang Hardhorn;1;Gold Rajang Pelt+;1;Rajang Wildpelt;4;Daora Gem;1
Grand Divine Ire Robe;11;-1;3;0;1;10;108;2;4;2;1;-7;Edgemaster;1;Gloves Off;2;Stamina;-2;Elemental;2;;;Rajang Apoplexy;3;Rajang Heart;1;Rajang Hardfang;2;Argent Stouthorn;3
Grand Crusher Robe;11;-1;3;0;2;10;62;3;5;3;2;-6;SteadyHand;1;Gloves Off;2;Stamina;-2;Elemental;2;;;Rajang Apoplexy;3;Rajang Heart;1;Rajang Hardfang;2;Argent Stouthorn;3
Kushala Cista X;11;-1;2;0;1;10;109;-2;-5;-6;2;5;Handicraft;1;Evasion;4;FastCharge;1;Heat Res;4;Poison;-2;Daora Cortex;4;Daora Fellwing;2;Eltalite Ore;4;Elder Dragon Blood;5
Kushala Vise X;11;-1;2;0;2;10;63;-1;-4;-5;3;6;Evasion;4;FastCharge;1;Loading;1;Heat Res;4;Poison;-2;Daora Cortex;4;Daora Fellwing;2;Eltalite Ore;4;Elder Dragon Blood;5
Kujula Cista;12;-1;1;0;1;10;116;3;2;-5;-6;6;Sharpness;4;Evade Dist;2;Unscathed;1;Constitutn;2;Poison;-2;Steelrust Drakeshell;4;Maelstriker Wing;2;Eltalite Ore;4;Lrg ElderDragon Bone;5
Kujula Vise;12;-1;1;0;2;10;69;4;3;-4;-5;7;Recoil;3;Evade Dist;2;Unscathed;1;Constitutn;2;Poison;-2;Steelrust Drakeshell;4;Maelstriker Wing;2;Eltalite Ore;4;Lrg ElderDragon Bone;5
Kaiser Mail X;11;-1;2;0;1;10;109;4;1;-2;-6;-2;Readiness;3;Handicraft;3;Attack;1;Cold Res;-3;;;Teostra Cortex;4;Teostra Powder;2;Allfire Stone;3;Teostra Gem;1
Kaiser Vest X;11;-1;2;0;2;10;63;5;2;-1;-5;-1;Brutality;3;Reload Spd;1;Attack;1;Loading;3;Cold Res;-3;Teostra Cortex;4;Teostra Powder;2;Allfire Stone;3;Teostra Gem;1
Grand Mizuha Guards;11;-1;1;0;1;10;109;-4;0;-1;3;4;Hearing;1;Status;2;Wind Res;4;Heat Res;-2;CritStatus;4;Chameleos Finehide;4;Chameleos Fellwing;3;Lrg ElderDragon Bone;3;;
Grand Cham Camise;11;-1;1;0;2;10;63;-3;1;0;4;5;Hearing;1;Status;2;Wind Res;4;Heat Res;-2;CritStatus;4;Chameleos Finehide;4;Chameleos Fellwing;3;Lrg ElderDragon Bone;3;;
Grand Gloaming Plate;11;-1;1;1;1;10;107;3;-4;-4;2;3;Crit Draw;1;Unshakable;1;Expert;5;Artillery;3;Potential;-2;D.Mohran Rockskin;6;Dah'renstone;6;Elder Dragon Blood;3;Meldspar Ore;2
Grand Dayspring Plate;11;-1;2;1;2;10;61;4;-3;-3;3;4;Reload Spd;-2;Rapid Fire;1;Unshakable;1;Expert;2;Pierce Up;3;D.Mohran Rockskin;6;Dah'renstone;6;Elder Dragon Blood;3;Meldspar Ore;2
Grand Adamance Plate;11;-1;1;2;1;10;107;3;-4;-4;2;3;Crit Draw;1;Unshakable;1;Expert;5;Artillery;3;Potential;-2;D.Mohran Rockskin;6;Dah'renstone;6;Elder Dragon Blood;3;Meldspar Ore;2
Grand Epoch Plate;11;-1;2;2;2;10;61;4;-3;-3;3;4;Reload Spd;-2;Rapid Fire;1;Unshakable;1;Expert;2;Pierce Up;3;D.Mohran Rockskin;6;Dah'renstone;6;Elder Dragon Blood;3;Meldspar Ore;2
Gogma Mail;12;-1;1;0;1;10;110;-4;0;-7;3;3;Expert;4;Artillery;2;Sharpener;-1;Arcana;2;;;Gogmazios Battlement;3;Wartorn Dragonsphire;1;Heavy Drakesbone Oil;5;Allfire Stone;3
Gogma Vest;12;-1;1;0;2;10;64;-3;1;-6;4;4;Reload Spd;-3;Normal Up;2;Normal S+;4;Dead Eye;3;Arcana;2;Gogmazios Battlement;3;Wartorn Dragonsphire;1;Heavy Drakesbone Oil;5;Allfire Stone;3
Rebellion Mail Z;12;-1;2;0;1;10;112;3;-2;-3;3;-2;Status Res;2;FreeElemnt;4;Expert;-3;;;;;S.Dalamadur Steel+;5;S.Dalamadur Pectus+;3;S.Dalamadur Glaive+;2;Daora Cortex;6
Riot Vest Z;12;-1;2;0;2;10;65;4;-1;-2;4;-1;Status Res;2;FreeElemnt;4;Expert;-3;;;;;S.Dalamadur Steel+;5;S.Dalamadur Pectus+;3;S.Dalamadur Glaive+;2;Daora Cortex;6
Akantor Aegis X;12;-1;2;0;1;10;110;4;-3;-5;0;2;Handicraft;2;Expert;4;Hearing;2;Sharpness;-2;;;Akantor Greatfang;3;Akantor Thickspike;2;Akantor Shard;4;Rathalos Mantle;1
Akantor Plate X;12;-1;2;0;2;10;64;5;-2;-4;1;3;Reload Spd;-2;Expert;4;Hearing;1;Loading;2;;;Akantor Greatfang;3;Akantor Thickspike;2;Akantor Shard;4;Rathalos Mantle;1
Ukanlos Aegis X;11;-1;2;0;1;10;106;-5;-3;-2;0;4;Fencing;2;Handicraft;2;Protection;-3;Brawn;4;;;Ukanlos Strongfin;5;Ukanlos Shoveljaw+;3;Ukanlos Cortex;5;Heart-stopping Beak;2
Ukanlos Plate X;11;-1;2;0;2;10;60;-4;-2;-1;1;5;Reload Spd;2;Loading;2;Protection;-3;Brawn;4;;;Ukanlos Strongfin;5;Ukanlos Shoveljaw+;3;Ukanlos Cortex;5;Heart-stopping Beak;2
Esurient Mail Z;11;-1;1;0;1;10;108;-1;-3;-1;-1;-1;Attack;5;Sharpness;3;Eating;3;Hunger;-2;;;Bloodied Ebonhide;5;Deviljho Ripper;4;Deviljho Hardfang;2;Lrg Wyvern Gem;1
Esurient Vest Z;11;-1;1;0;2;10;62;0;-2;0;0;0;Recoil;3;Attack;5;Eating;3;Hunger;-2;;;Bloodied Ebonhide;5;Deviljho Ripper;4;Deviljho Hardfang;2;Lrg Wyvern Gem;1
Excello Mail Z;12;-1;1;0;1;10;116;3;2;1;-5;-3;Hearing;3;Sharpener;-2;Stam Drain;4;Eating;3;;;M.Tigrex Trigger;4;M.Tigrex Cortex;6;Tigrex Maw;2;Conquest Sphere;1
Excello Vest Z;12;-1;1;0;2;10;69;4;3;2;-4;-2;Recoil;-2;Hearing;3;Stam Drain;4;Eating;4;;;M.Tigrex Trigger;4;M.Tigrex Cortex;6;Tigrex Maw;2;Conquest Sphere;1
Brachydium Mail;12;-1;3;0;1;10;116;4;0;0;-3;-3;Spirit;2;Potential;1;Mounting;-2;Brawn;2;;;Brach Warhead;4;Fine Brach Ebonshell;3;Monster Slogbone;6;Glowing Slime;6
Brachydium Vest;12;-1;3;0;2;10;69;5;1;1;-2;-2;Spirit;2;Potential;1;Mounting;-2;Brawn;2;;;Brach Warhead;4;Fine Brach Ebonshell;3;Monster Slogbone;6;Glowing Slime;6
Wrothhide;12;-1;0;0;1;10;120;2;1;-4;-1;-3;Fury;1;Attack;4;Defense;-3;Edge Lore;2;;;Fatalis Flamehorn;2;Fatalis Flameshell;5;Fatalis Flamescale;4;B.Gravios Pallium;1
Wrothskin;12;-1;0;0;2;10;72;3;2;-5;0;-2;Fury;1;Attack;4;Defense;-3;Covert;2;;;Fatalis Flamehorn;2;Fatalis Flameshell;5;Fatalis Flamescale;4;B.Gravios Pallium;1
Kirin Jacket X;11;-1;1;0;1;10;98;-3;5;3;-3;-1;Prudence;3;FreeElemnt;2;Blight Res;1;Fate;-2;Elemental;1;Kirin Finehide;4;Kirin Hide+;3;Platinum Mane;5;Purecrystal;1
Kirin Cape X;11;-1;1;0;2;10;54;-2;6;4;-2;0;Prudence;2;FreeElemnt;2;Blight Res;2;Fate;-2;Elemental;2;Kirin Finehide;4;Kirin Hide+;3;Platinum Mane;5;Purecrystal;1
Kirin Jacket Z;11;-1;3;0;1;10;99;-3;-1;3;-3;6;Blight Res;2;Fate;-2;Ice Atk;1;Elemental;1;;;Kirin Frostlash;3;Kirin Finehide;6;Elder Dragon Blood;5;Argent Stouthorn;1
Kirin Cape Z;11;-1;3;0;2;10;55;-2;0;4;-2;7;Blight Res;2;Fate;-2;Ice Atk;1;Elemental;1;;;Kirin Frostlash;3;Kirin Finehide;6;Elder Dragon Blood;5;Argent Stouthorn;1
Grand Yaksha Raiment;11;-1;2;0;1;10;110;2;0;-2;2;-2;Fencing;2;Blight Res;1;Potential;-2;Guts;3;Protection;2;Ancient Dragonmoss;2;Ancient Dragonwood;1;Lrg ElderDragon Bone;5;;
Grand Carnage Raiment;11;-1;2;0;2;10;64;3;2;-1;4;-1;Blight Res;1;Potential;-2;Guts;3;Loading;2;Protection;2;Ancient Dragonmoss;2;Ancient Dragonwood;1;Lrg ElderDragon Bone;5;;
Grand Yamato Doate;11;-1;1;1;1;10;108;3;0;-4;1;-4;Readiness;2;Handicraft;1;Expert;4;Potential;-2;FastCharge;1;Deific Fang;2;Mohran Rockskin;4;Lrg Elder Dragon Gem;1;;
Grand Mutsu Doate;11;-1;1;1;2;10;62;4;1;-3;2;-3;Brutality;2;Reload Spd;-2;Recoil;2;Loading;1;Pierce Up;2;Deific Fang;2;Mohran Rockskin;4;Lrg Elder Dragon Gem;1;;
Grand Hyuga Muneate;11;-1;1;2;1;10;108;3;0;-4;1;-4;Readiness;2;Handicraft;1;Expert;4;Potential;-2;FastCharge;1;Deific Fang;2;Mohran Rockskin;4;Lrg Elder Dragon Gem;1;;
Grand Amagi Muneate;11;-1;1;2;2;10;62;4;1;-3;2;-3;Brutality;2;Reload Spd;-2;Recoil;2;Loading;1;Pierce Up;2;Deific Fang;2;Mohran Rockskin;4;Lrg Elder Dragon Gem;1;;
Empress Mail X;11;-1;1;0;1;10;110;4;1;-2;-2;-6;FreeElemnt;1;Expert;4;Guard;2;Cold Res;-3;Mechanic;2;Lunastra Cortex;2;Flame Shard;6;Teostra Hardhorn;1;Teostra Gem;1
Empress Vest X;11;-1;1;0;2;10;64;5;2;-1;-1;-5;FreeElemnt;1;Expert;4;Guard Boost;2;Cold Res;-3;Mechanic;2;Lunastra Cortex;2;Flame Shard;6;Teostra Hardhorn;1;Teostra Gem;1
Helios Mail X;11;-1;2;1;1;10;108;0;-2;-5;3;1;Hearing;2;Destroyer;2;Water Atk;4;Protection;-2;;;Ceadeus Scale;2;Ceadeus Strongfur;1;D.S.QueenConcentrate;1;;
Helios Vest X;11;-1;2;1;2;10;62;1;-1;-4;4;2;Hearing;2;Destroyer;2;Water Atk;4;Protection;-2;;;Ceadeus Scale;2;Ceadeus Strongfur;1;D.S.QueenConcentrate;1;;
Selene Mail X;11;-1;2;2;1;10;108;0;-2;-5;3;1;Hearing;2;Destroyer;2;Water Atk;4;Protection;-2;;;Ceadeus Scale;2;Ceadeus Strongfur;1;D.S.QueenConcentrate;1;;
Selene Vest X;11;-1;2;2;2;10;62;1;-1;-4;4;2;Hearing;2;Destroyer;2;Water Atk;4;Protection;-2;;;Ceadeus Scale;2;Ceadeus Strongfur;1;D.S.QueenConcentrate;1;;
EX Auroros Torso;12;-1;1;1;1;10;116;-2;0;-4;2;2;Resilience;4;Stamina;-2;Protection;3;Edge Lore;1;;;Lao-Shan Cortex;5;Lao-Shan Shard;2;Tigrex Mantle;1;;
EX Genesis Torso;12;-1;1;1;2;10;69;-1;1;-3;3;3;Resilience;4;Stamina;-2;Protection;3;Covert;2;;;Lao-Shan Cortex;5;Lao-Shan Shard;2;Tigrex Mantle;1;;
EX Borealis Chest;12;-1;1;2;1;10;116;-2;0;-4;2;2;Resilience;4;Stamina;-2;Protection;3;Edge Lore;1;;;Lao-Shan Cortex;5;Lao-Shan Shard;2;Tigrex Mantle;1;;
EX Glyph Chest;12;-1;1;2;2;10;69;-1;1;-3;3;3;Resilience;4;Stamina;-2;Protection;3;Covert;2;;;Lao-Shan Cortex;5;Lao-Shan Shard;2;Tigrex Mantle;1;;
Tempest Robe;12;-1;0;0;1;10;112;-3;0;-5;4;0;Handicraft;4;Gloves Off;2;Water Atk;4;Eating;-2;CritElemnt;1;Amatsu Carapace;5;Amatsu Webbing;1;Heavenly Dragongem;1;Diablos Hardhorn;1
Welkin Robe;12;-1;0;0;2;10;65;-2;0;-4;5;0;Gloves Off;3;Loading;4;Water Atk;3;Eating;-2;CritElemnt;1;Amatsu Carapace;5;Amatsu Webbing;1;Heavenly Dragongem;1;Diablos Hardhorn;1
Miralis Breastplate;12;-1;3;0;1;10;116;4;-3;-7;0;1;Gloves Off;3;Unshakable;1;Attack;3;Stamina;-1;;;Miralis Scale;5;Miralis Smelter;2;Dragonbone Artifact;3;Brach Pallium;1
Miralis Chestguard;12;-1;3;0;2;10;69;5;-2;-6;1;2;Gloves Off;3;Unshakable;1;Attack;3;Stamina;-1;;;Miralis Scale;5;Miralis Smelter;2;Dragonbone Artifact;3;Brach Pallium;1
EX Escadora Soul;12;-1;2;0;1;10;112;-3;3;-2;-2;3;Blight Res;2;Evade Dist;1;Stun;-2;Arcana;2;;;Alatreon Mantle;5;Alatreon Riptalon;2;Brach Pallium;1;Fine Brach Ebonshell;6
EX Escadora Seele;12;-1;2;0;2;10;65;-2;4;-1;-1;4;Blight Res;1;Evade Dist;1;Stun;-2;Dead Eye;3;;;Alatreon Mantle;5;Alatreon Riptalon;2;Brach Pallium;1;Fine Brach Ebonshell;6
MHB Gold Logo Jacket;9;-1;0;0;1;10;70;0;0;0;0;0;Gloves Off;15;;;;;;;;;Fan Club Newsletter;3;G.Rathian Scale+;2;A.Kecha Fur;6;A.Kecha Auricle;3
MHB Silver Logo Jersey;9;-1;0;0;2;10;36;0;0;0;0;0;Gloves Off;15;;;;;;;;;Fan Club Newsletter;3;S.Rathalos Scale+;2;A.Kecha Fur;6;A.Kecha Auricle;3
Star Knight Mail;11;-1;1;0;1;10;100;1;1;1;1;1;Handicraft;1;Spirit;2;Mounting;4;Edge Lore;3;;;Special Pass;1;Immenseness Ticket S;2;Seregios Slavescale+;6;Seregios Airblade+;4
Star Knight Vest;11;-1;0;0;2;10;55;2;2;2;2;2;Spirit;2;Unscathed;2;Loading;3;Mounting;3;;;Special Pass;1;Immenseness Ticket S;2;Seregios Slavescale+;6;Seregios Airblade+;4
Pirate King Suit J;11;-1;0;0;1;10;100;-4;-4;-4;-4;-4;Avarice;3;Carving;2;Rec Level;-4;Arcana;2;;;Rebellion Ticket J;1;Fire Dragon Hardclaw;4;Teostra Cortex;4;Lrg Elder Dragon Gem;1
Pirate King Vest J;11;-1;0;0;2;10;55;-3;-3;-3;-3;-3;Avarice;3;Carving;2;Rec Level;-4;Dead Eye;2;;;Rebellion Ticket J;1;Fire Dragon Hardclaw;4;Teostra Cortex;4;Lrg Elder Dragon Gem;1
Champion Body;11;-1;0;0;1;10;88;-2;-2;4;-2;-2;Unshakable;4;Destroyer;2;Elemental;-2;Constitutn;2;Brawn;1;Goddess's Grace;1;Gold Rajang Pelt+;1;Rajang Hardhorn;2;Rajang Hardclaw;3
Strongman Body;11;-1;0;0;2;10;47;-1;-1;5;-1;-1;Unshakable;4;Destroyer;2;Elemental;-2;Constitutn;2;Brawn;1;Goddess's Grace;1;Gold Rajang Pelt+;1;Rajang Hardhorn;2;Rajang Hardclaw;3
Varia Suit Armor;11;-1;3;1;1;10;116;3;3;-4;3;3;Status Res;3;Unshakable;2;Hunger;-3;;;;;Defense Module;1;Eltalite Ore;10;S.Nerscylla Cortex;6;S.Nerscylla Scishorn;3
Varia Suit Barrier;11;-1;3;1;2;10;69;4;4;-3;4;4;Status Res;3;Unshakable;2;Hunger;-3;;;;;Defense Module;1;Eltalite Ore;10;S.Nerscylla Cortex;6;S.Nerscylla Scishorn;3
Zero Suit Body;11;-1;3;2;1;10;88;3;3;-4;3;3;Nimbleness;2;Defense;-3;Stam Recov;3;;;;;Defense Module;1;Cosmicite Ore;4;S.Nerscylla Cortex;6;S.Nerscylla Scishorn;3
Zero Suit Wear;11;-1;3;2;2;10;47;4;4;-3;4;4;Nimbleness;2;Defense;-3;Stam Recov;3;;;;;Defense Module;1;Cosmicite Ore;4;S.Nerscylla Cortex;6;S.Nerscylla Scishorn;3
Golden Lunemail Z;11;-1;2;0;1;10;108;2;-7;4;-4;0;Fate;3;Tranquilzr;3;Destroyer;1;ThunderRes;-2;Protection;2;G.Rathian Shard;5;Lrg Wyvern Gem;1;Rathian Ruby;2;Cosmicite Ore;4
Golden Lunevest Z;11;-1;2;0;2;10;62;3;-6;5;-3;1;Fate;3;Tranquilzr;3;Destroyer;1;ThunderRes;-2;Protection;1;G.Rathian Shard;5;Lrg Wyvern Gem;1;Rathian Ruby;2;Cosmicite Ore;4
Silver Solmail Z;11;-1;3;0;1;10;108;2;-4;4;-7;0;Tenderizer;1;Expert;3;Sharpness;2;Rec Level;-2;;;S.Rath Cortex;5;S.Rathalos Shard;6;Rathalos Fellwing;3;Monster Slogbone;3
Silver Solvest Z;11;-1;3;0;2;10;62;3;-3;5;-6;1;Tenderizer;1;Expert;3;Pierce Up;2;Rec Level;-2;;;S.Rath Cortex;5;S.Rathalos Shard;6;Rathalos Fellwing;3;Monster Slogbone;3
Rebellion Mail X;12;-1;1;0;1;10;110;3;-2;-3;3;-2;Edgemaster;3;Fury;1;Attack;-4;;;;;Dalamadur Steel+;5;Dalamadur Pectus+;3;Dalamadur Glaive+;2;S.Magala Mantle;1
Riot Vest X;12;-1;1;0;2;10;64;4;-1;-2;4;-1;SteadyHand;3;Fury;1;Attack;-4;;;;;Dalamadur Steel+;5;Dalamadur Pectus+;3;Dalamadur Glaive+;2;S.Magala Mantle;1
Dragonhide X;12;-1;1;0;1;10;118;-3;2;-6;2;-1;Brutality;2;Handicraft;1;Sharpness;2;Sheathing;2;FastCharge;-3;Fatalis Hardhorn;2;Fatalis Cortex;4;Fatalis Shard;4;Rathalos Mantle;1
Dragonskin X;12;-1;1;0;2;10;71;-2;3;-5;3;0;Brutality;2;Sheathing;2;FastCharge;-3;Loading;1;Pierce Up;2;Fatalis Hardhorn;2;Fatalis Cortex;4;Fatalis Shard;4;Rathalos Mantle;1
White Fatalis Hide;12;-1;1;0;1;10;120;-2;2;-7;2;-1;Edgemaster;1;Fate;-4;Expert;5;Unscathed;3;Constitutn;1;Old Fatalis Hardhorn;2;Old Fatalis Cortex;3;Old Fatalis Shard;2;Lrg Elder Dragon Gem;1
White Fatalis Skin;12;-1;1;0;2;10;72;-1;3;-6;3;0;SteadyHand;1;Fate;-4;Expert;5;Unscathed;3;Constitutn;1;Old Fatalis Hardhorn;2;Old Fatalis Cortex;3;Old Fatalis Shard;2;Lrg Elder Dragon Gem;1
GX Hunter's Armor;12;-1;3;0;1;10;120;0;-3;0;1;0;Crit Draw;3;Unshakable;4;Sharpener;-4;;;;;Hunter's Ticket;1;Rajang Apoplexy;6;Gold Rajang Pelt+;3;Allfire Stone;1
GX Hunter's Pizane;12;-1;3;0;2;10;72;1;-2;1;2;1;Reload Spd;-4;Rapid Fire;3;Unshakable;4;;;;;Hunter's Ticket;1;Rajang Apoplexy;6;Gold Rajang Pelt+;3;Allfire Stone;1
GX Esurient Armor;12;-1;0;0;1;10;100;-5;-5;-5;-5;-5;Tenderizer;1;Carving;2;Fate;4;Expert;-4;;;Deviljho Ticket;1;Vile Fang;6;Allfire Stone;5;Immenseness Ticket S;3
GX Esurient Pizane;12;-1;0;0;2;10;55;-4;-4;-4;-4;-4;Tenderizer;1;Carving;2;Fate;4;Expert;-4;;;Deviljho Ticket;1;Vile Fang;6;Allfire Stone;5;Immenseness Ticket S;3
GX Tempest Vesture;12;-1;1;0;1;10;88;-3;0;-5;4;0;Handicraft;2;Evasion;3;Health;-3;Sharpener;2;Evade Dist;2;Amatsu Ticket;2;Gogmazios Fortress;4;Gogmazios Battlement;6;Wartorn Dragonsphire;1
GX Welkin Vesture;12;-1;1;0;2;10;47;-2;0;-4;5;0;Evasion;3;Health;-3;Evade Dist;2;Loading;2;Combo Rate;2;Amatsu Ticket;2;Gogmazios Fortress;4;Gogmazios Battlement;6;Wartorn Dragonsphire;1
GX Fatalis Crimsonarmor;12;-1;1;0;1;10;110;2;1;-7;-1;-3;Edgemaster;2;Guts;1;Constitutn;-3;Arcana;2;;;Crimson Fatalis Ticket;1;Fatalis Flameshell;4;Fatalis Flamewing;4;Rajang Heart;1
GX Fatalis Crimsonpizane;12;-1;1;0;2;10;64;3;2;-6;0;-2;SteadyHand;2;Guts;1;Constitutn;-3;Covert;2;;;Crimson Fatalis Ticket;1;Fatalis Flameshell;4;Fatalis Flamewing;4;Rajang Heart;1
Mail of Rage;12;-1;0;1;1;10;110;3;2;-5;2;2;Avarice;2;Handicraft;3;Tenderizer;2;Expert;2;Sharpness;-3;Goddess's Embrace;2;Rajang Wildpelt;3;Antinomic Wing;4;Firecell Stone;2
Vest of Rage;12;-1;0;1;2;10;65;4;3;-4;3;3;Avarice;2;Reload Spd;-3;Artillery;2;Loading;3;KO;2;Goddess's Embrace;2;Rajang Wildpelt;3;Antinomic Wing;4;Firecell Stone;2
Mail of Anat;12;-1;0;2;1;10;110;3;2;-5;2;2;Avarice;2;Handicraft;3;Tenderizer;2;Expert;2;Sharpness;-3;Goddess's Embrace;2;Rajang Wildpelt;3;Antinomic Wing;4;Firecell Stone;2
Vest of Anat;12;-1;0;2;2;10;65;4;3;-4;3;3;Avarice;2;Reload Spd;-3;Artillery;2;Loading;3;KO;2;Goddess's Embrace;2;Rajang Wildpelt;3;Antinomic Wing;4;Firecell Stone;2
