"Name","Price","Material 1","Amount","Material 2","Amount","Material 3","Amount","Material 4","Amount","Defense","Fire Res","Thunder Res","Dragon Res","Water Res","Ice Res","Gender","Hunter Type","Rarity","HR","Elder*","Slots","Skill 1","Skill Point","Skill 2","Skill Point","Skill 3","Skill Point","Skill 4","Skill Point","Skill 5","Skill Point"
,,,,,,,,,,,,,,,,,,,,,,,,,,,,,,,
"Leather Armor","150z","Kelbi Hide",1,,,,,,,1,2,0,0,0,150,"Male/Female","Blade/Gunner",1,1,1,"---","Throw",5,"Whim",1,"All Res Up",5,,,,
"Chain Mail","300z","Iron Ore",3,"Kelbi Hide",1,,,,,2,2,-2,0,2,300,"Male/Female","Blade/Gunner",1,1,1,"---","Gathering",2,"Health",5,"Defense",4,,,,
"Hunter's Vest","450z","Iron Ore",3,"Bullfango Pelt",1,"Disk Stone",1,,,4,0,-4,0,0,450,"Male/Female","Blade",1,1,1,"---","Fishing",4,"Map",7,,,,,,
"Hunter's Vest","450z","Iron Ore",3,"Bullfango Pelt",1,"Disk Stone",1,,,3,2,-2,0,2,450,"Male/Female","Gunner",1,1,1,"---","Fishing",4,"Map",7,,,,,,
"Velociprey Mail","750z","Velociprey Hide",1,"Velociprey Scale",3,"Iron Ore",2,"Kelbi Hide",1,8,1,1,-1,1,750,"Male/Female","Blade",2,1,1,"---","Faint",5,"PsychicVis",2,"Worry",-2,"Poison",-2,,
"Velociprey Vest","750z","Velociprey Hide",1,"Velociprey Scale",3,"Iron Ore",2,"Kelbi Hide",1,4,3,3,0,3,750,"Male/Female","Blade/Gunner",2,1,1,"---","Faint",5,"PsychicVis",2,"Worry",-2,"Poison",-2,,
"Genprey Mail","1350z","Genprey Hide",3,"Genprey Scale",4,"Iron Ore",3,"Bullfango Pelt",2,11,2,3,-1,-2,1350,"Male/Female","Blade",2,1,1,"---","Paralysis",5,"ThunderRes",5,"Water Res",-1,,,,
"Genprey Vest","1350z","Genprey Hide",3,"Genprey Scale",4,"Iron Ore",3,"Bullfango Pelt",2,6,4,5,0,0,1350,"Male/Female","Blade/Gunner",2,1,1,"---","Paralysis",5,"ThunderRes",5,"Water Res",-1,,,,
"Ioprey Mail","1950z","Poison Sac",1,"Ioprey Scale",6,"Ioprey Hide",1,"Disk Stone",6,13,3,-2,-1,2,1950,"Male/Female","Blade",2,1,1,"---","Poison",5,"ThunderRes",2,"Paralysis",2,"Water Res",-2,,
"Ioprey Vest","1950z","Poison Sac",1,"Ioprey Scale",6,"Ioprey Hide",1,"Iron Ore",6,7,5,0,0,4,1950,"Male/Female","Blade/Gunner",2,1,1,"---","Poison",5,"ThunderRes",2,"Paralysis",2,"Water Res",-2,,
"Rathian Mail","3350z","Rathian Scale",4,"Rathian Shell",2,"Machalite Ore",3,"Monster Fluid",1,16,2,-2,-4,0,3350,"Male/Female","Blade",3,1,1,"---","Health",3,"Fire Res",2,"Water Res",-2,"ThunderRes",-2,"Worry",-2
"Rathian Vest","3350z","Rathian Scale",4,"Rathian Shell",2,"Machalite Ore",3,"Monster Fluid",1,8,4,0,-2,2,3350,"Male/Female","Gunner",3,1,1,"---","Health",3,"Fire Res",2,"Water Res",-2,"ThunderRes",-2,"Worry",-2
"Cephalos Mail","2350z","Piscine Jaw",1,"Cephalos Fin",1,"Cephalos Scale",3,"Machalite Ore",2,14,-3,-4,0,2,2350,"Male/Female","Blade",3,1,1,"---","Heat Res",5,"Recovery",2,"PsychicVis",2,"Faint",-2,,
"Cephalos Vest","2350z","Piscine Jaw",1,"Cephalos Fin",1,"Cephalos Scale",3,"Machalite Ore",2,8,-1,-2,1,5,2350,"Male/Female","Gunner",3,1,1,"---","Heat Res",5,"Recovery",2,"PsychicVis",2,"Faint",-2,,
"Kut-Ku Mail","1650z","Kut-Ku Scale",2,"Kut-Ku Shell",3,"Kut-Ku Webbing",1,"Sm Monster Bone",3,12,2,0,-1,-2,1650,"Male/Female","Blade",3,1,1,"---","Attack",4,"Fire Res",2,"Health",2,"Water Res",-3,,
"Kut-Ku Vest","1650z","Kut-Ku Scale",2,"Kut-Ku Shell",3,"Kut-Ku Webbing",1,"Sm Monster Bone",3,6,5,3,0,1,1650,"Male/Female","Gunner",3,1,1,"---","Attack",4,"Fire Res",2,"Health",2,"Water Res",-3,,
"Battle Mail","750z","Kut-Ku Scale",3,"Velociprey Scale",2,"Earth Crystal",3,"Whetstone",5,8,2,-2,0,-2,750,"Male/Female","Blade",2,1,1,"---","Guard",1,"Defense",5,"Alchemy",2,"PsychicVis",2,"Backpackng",1
"Battle Vest","750z","Kut-Ku Scale",3,"Velociprey Scale",2,"Huskberry",20,"Small Bone Husk",5,5,4,0,2,0,750,"Male/Female","Gunner",2,1,1,"---","Load",2,"Alchemy",2,"Backpackng",1,,,,
"Monoblos Mail","4950z","Crimson Horn",2,"Monoblos Spine",1,"Monoblos Shell",1,"Machalite Ore",3,18,2,-2,-1,-1,4950,"Male/Female","Blade",3,1,1,"---","Attack",5,"Paralysis",2,"Hunger",-4,,,,
"Monoblos Vest","4950z","Crimson Horn",2,"Monoblos Spine",1,"Monoblos Shell",1,"Machalite Ore",3,9,4,0,0,2,4950,"Male/Female","Gunner",3,1,1,"---","Attack",5,"Paralysis",2,"Hunger",-4,,,,
"Bone Mail","650z","Sm Monster Bone",7,"Bullfango Pelt",1,"Kelbi Hide",1,,,7,2,-2,-2,2,650,"Male/Female","Blade",2,1,1,"---","StealNoEff",5,"Hunger",2,"PsychicVis",2,"Worry",-2,,
"Bone Vest","650z","Sm Monster Bone",7,"Bullfango Pelt",1,"Kelbi Hide",1,,,4,5,0,0,5,650,"Male/Female","Gunner",2,1,1,"---","StealNoEff",5,"Hunger",2,"Worry",-4,,,,
"Gypceros Mail","2350z","Poison Sac",1,"Antiseptic Stone",1,"Rubbery Hide",2,"Machalite Ore",2,14,-4,4,0,1,2350,"Male/Female","Blade",3,1,1,"---","Wide Cntr",3,"Health",2,"Paralysis",2,"ThunderRes",2,"Water Res",-2
"Gypceros Vest","2350z","Poison Sac",1,"Antiseptic Stone",1,"Rubbery Hide",2,"Machalite Ore",2,7,-1,6,0,4,2350,"Male/Female","Gunner",3,1,1,"---","Wide Cntr",3,"Health",2,"Paralysis",2,"ThunderRes",2,"Water Res",-2
"Rathalos Mail","4150z","Rathalos Shell",3,"Rathalos Scale",4,"Rathalos Webbing",1,"Machalite Ore",2,17,2,2,-4,-1,4150,"Male/Female","Blade",3,1,1,"---","Attack",5,"Rec Speed",2,"Worry",-2,"Dragon Res",-2,,
"Rathalos Vest","4150z","Rathalos Shell",3,"Rathalos Scale",4,"Rathalos Webbing",1,"Machalite Ore",2,9,4,5,-2,2,4150,"Male/Female","Gunner",3,1,1,"---","Attack",5,"Rec Speed",2,"Worry",-2,"Dragon Res",-2,,
"Gravios Mail+","23250z","Gravios Carapace",3,"Gravios Shell",6,"Monster Bone+",3,"Iodrome Hide",2,30,2,2,-2,-2,23250,"Male/Female","Blade",4,1,1,"---","Health",2,"Heat Res",2,"Cold Res",3,"PsychicVis",1,"Faint",-3
"Gravios Vest+","23250z","Gravios Carapace",3,"Gravios Shell",6,"Monster Bone+",3,"Iodrome Hide",2,15,4,3,0,1,23250,"Male/Female","Gunner",4,1,1,"---","Health",2,"Heat Res",3,"Cold Res",3,"Faint",-3,,
"Hi-Metal Mail+","7750z","Dragonite Ore",8,"Machalite Ore",15,"Monster Bone+",1,"Electro Sac",2,20,-2,3,0,-2,7750,"Male/Female","Blade",4,1,1,"---","Health",3,"MixSucRate",2,"PsychicVis",2,"Worry",-2,"Poison",-2
"Hi-Metal Vest+","7750z","Dragonite Ore",8,"Machalite Ore",15,"Monster Bone+",1,"Electro Sac",2,13,0,5,0,0,7750,"Male/Female","Blade/Gunner",4,1,1,"---","Health",3,"MixSucRate",2,"PsychicVis",2,"Worry",-2,"Poison",-2
"Diablo Mail+","19750z","Diablos Spine",3,"Majestic Horn",1,"Diablos Shell",5,"Gendrome Hide",2,28,3,1,0,-1,19750,"Male/Female","Blade",4,1,1,"---","WindPress",5,"WideEffect",2,"Hunger",-4,,,,
"Diablo Vest+","19750z","Diablos Spine",3,"Majestic Horn",1,"Diablos Shell",5,"Gendrome Hide",2,15,5,4,0,2,19750,"Male/Female","Gunner",4,1,1,"---","WindPress",5,"WideEffect",2,"Hunger",-4,,,,
"Auroros Torso","16125z","Lao-Shan's Spine",1,"Lao-Shan's Shell",5,"Crimson Horn",1,"Commendation",1,22,-2,0,-4,2,16125,"Male","Blade",5,1,1,"---","Rec Speed",2,"Guard",2,"All Res Up",-5,,,,
"Genesis Torso","16125z","Lao-Shan's Spine",1,"Lao-Shan's Shell",5,"Crimson Horn",1,"Commendation",1,11,1,2,-2,3,16125,"Male","Gunner",5,1,1,"---","Rec Speed",2,"Load",2,"All Res Up",-5,,,,
"Borealis Chest","16125z","Lao-Shan's Spine",1,"Lao-Shan's Shell",5,"Crimson Horn",1,"Commendation",1,22,-2,0,-4,2,16125,"Female","Blade",5,1,1,"---","Rec Speed",2,"Guard",2,"All Res Up",-5,,,,
"Glyph Chest","16125z","Lao-Shan's Spine",1,"Lao-Shan's Shell",5,"Crimson Horn",1,"Commendation",1,11,1,2,-2,3,16125,"Female","Gunner",5,1,1,"---","Rec Speed",2,"Load",2,"All Res Up",-5,,,,
"Vespoid Mail+","7750z","Vespoid Bladefin",1,"Vespoid Wing",12,"Monster Bone+",1,"Union Ore",3,20,-6,2,2,-5,7750,"Male/Female","Blade",4,1,1,"---","Sleep",1,"Poison",2,"Paralysis",2,"Backpackng",4,"Faint",-2
"Vespoid Vest+","7750z","Vespoid Bladefin",1,"Vespoid Shell",8,"Monster Bone+",1,"Union Ore",3,13,-5,5,2,-4,7750,"Male/Female","Blade/Gunner",4,1,1,"---","Sleep",1,"Poison",2,"Paralysis",2,"Backpackng",3,"Faint",-2
"Khezu Mail+","16750z","Pale Bone",1,"Flabby Hide",5,"Monster Fluid",3,"Monster Bone+",2,26,-3,4,0,3,16750,"Male/Female","Blade",4,1,1,"---","Rec Speed",2,"Wide Rec",1,"PsychicVis",2,"Fate",-6,,
"Khezu Vest+","16750z","Pale Bone",1,"Flabby Hide",5,"Monster Fluid",3,"Monster Bone+",2,15,-1,6,0,5,16750,"Male/Female","Blade/Gunner",4,1,1,"---","Rec Speed",2,"Wide Rec",1,"PsychicVis",2,"Fate",-6,,
"Lobster Mail+","18250z","Lg Lobstershell",1,"Plesioth Fin",3,"King Scarab",3,"Genprey Hide",5,27,-2,-6,-2,4,18250,"Male/Female","Blade",4,1,1,"---","Cold Res",5,"Water Res",2,"Sleep",2,"Fire Res",-2,,
"Lobster Vest+","18250z","Lg Lobstershell",1,"Plesioth Fin",3,"King Scarab",3,"Genprey Hide",5,15,0,-5,0,6,18250,"Male/Female","Gunner",4,1,1,"---","Cold Res",5,"Water Res",2,"Sleep",2,"Fire Res",-2,,
"Plesioth Mail+","18250z","Monster Bone+",2,"Plesioth Scale",5,"Plesioth Fin",2,"Union Ore",3,27,-4,-4,0,4,18250,"Male/Female","Blade",4,1,1,"---","Heat Res",1,"Hunger",4,"Water Res",2,"Sleep",2,"Fire Res",-2
"Plesioth Vest+","18250z","Monster Bone+",2,"Plesioth Scale",5,"Plesioth Fin",2,"Union Ore",3,15,-2,-2,1,6,18250,"Male/Female","Gunner",4,1,1,"---","Heat Res",1,"Hunger",4,"Water Res",2,"Sleep",2,"Fire Res",-2
"Hornet Mail+","7750z","Hornet Bladefin",1,"Hornetaur Head",2,"Monster Fluid",5,"Monster Bone+",1,20,-6,-5,2,-1,7750,"Male/Female","Blade",4,1,1,"---","Poison",4,"Paralysis",4,"Fate",3,,,,
"Hornet Vest+","7750z","Hornet Bladefin",1,"Hornetaur Head",2,"Monster Fluid",5,"Monster Bone+",1,13,-5,-3,3,2,7750,"Male/Female","Gunner",4,1,1,"---","Poison",4,"Paralysis",4,"Fate",3,,,,
"Dragonhide","22222z","Fatalis' Crust",1,"Fatalis' Shell",3,"Fatalis' Scale",2,"Rathalos Plate",1,24,0,2,-5,2,22222,"Male/Female","Blade",5,1,1,"---","Rec Speed",2,"Attack",2,"WindPress",2,"WideEffect",2,"Hunger",-3
"Dragonskin","22222z","Fatalis' Crust",1,"Fatalis' Shell",3,"Fatalis' Scale",2,"Rathalos Plate",1,12,2,4,-2,4,22222,"Male/Female","Gunner",5,1,1,"---","Rec Speed",2,"Attack",2,"WindPress",2,"WideEffect",2,"Hunger",-3
"Guild Knight Suit","16125z","Light Crystal",1,"Grt Sword Ticket",3,"Egg Ticket",1,"Basarios Coin",3,10,0,0,0,0,16125,"Male","Blade/Gunner",5,1,1,"---","Gathering",2,"Whim",3,"Fire Res",-5,,,,
"Guild Knight Vest","16125z","Light Crystal",1,"Grt Sword Ticket",3,"Egg Ticket",1,"Gravios Coin",3,10,0,0,0,0,16125,"Male","Blade/Gunner",5,1,1,"---","Gathering",2,"Whim",3,"Fire Res",-5,,,,
"Maiden's Vest","16125z","Light Crystal",1,"Grt Sword Ticket",3,"Egg Ticket",1,"Basarios Coin",3,10,0,0,0,0,16125,"Female","Blade/Gunner",5,1,1,"---","Gathering",2,"Whim",3,"Fire Res",-5,,,,
"Personal Vest","16125z","Light Crystal",1,"Grt Sword Ticket",3,"Egg Ticket",1,"Gravios Coin",3,10,0,0,0,0,16125,"Female","Blade/Gunner",5,1,1,"---","Gathering",2,"Whim",3,"Fire Res",-5,,,,
"Shinobi Suit (Sun)","16125z","Sm Lao-Shan Claw",1,"Gunner Ticket",3,"Monster Fluid",2,"Rathalos Webbing",3,10,0,2,1,-6,16125,"Male/Female","Blade/Gunner",5,1,1,"---","Poison",2,"Worry",2,"Hunger",2,"PsychicVis",2,"Faint",-3
"Shinobi Suit (Moon)","16125z","Sm Lao-Shan Claw",1,"Gunner Ticket",3,"Monster Fluid",2,"Rathalos Webbing",3,10,2,4,2,-5,16125,"Male/Female","Blade/Gunner",5,1,1,"---","Poison",2,"Worry",2,"Hunger",2,"PsychicVis",2,"Faint",-3
"Moss Breastplate","100z","Cephalos Coin",1,"Bullfango Pelt",5,,,,,1,0,0,0,0,100,"Male/Female","Blade/Gunner",5,1,1,"---","Gluttony",5,"Health",2,"Hunger",-3,,,,
"Hi-Metal Mail","1150z","Machalite Ore",6,"Iron Ore",6,"Velociprey Hide",5,,,10,-2,3,0,-2,1150,"Male/Female","Blade/Gunner",3,1,1,"---","Health",3,"MixSucRate",2,"PsychicVis",2,"Worry",-2,"Poison",-2
"Hi-Metal Vest","1150z","Machalite Ore",6,"Iron Ore",6,"Velociprey Hide",5,,,5,0,5,0,0,1150,"Male/Female","Blade/Gunner",3,1,1,"---","Health",3,"MixSucRate",2,"PsychicVis",2,"Worry",-2,"Poison",-2
"Khezu Mail","3350z","Flabby Hide",3,"Iron Ore",8,"Ioprey Hide",2,"Monster Fluid",2,16,-3,4,0,3,3350,"Male/Female","Blade/Gunner",3,1,1,"---","Rec Speed",3,"Wide Rec",3,"Fire Res",-5,,,,
"Khezu Vest","3350z","Flabby Hide",3,"Iron Ore",8,"Ioprey Hide",2,"Monster Fluid",2,9,-1,6,0,5,3350,"Male/Female","Blade/Gunner",3,1,1,"---","Rec Speed",3,"Wide Rec",3,"Fire Res",-5,,,,
"Lobster Mail","4150z","Sm Lobstershell",1,"Machalite Ore",4,"Genprey Hide",2,,,17,-2,-6,-2,4,4150,"Male/Female","Blade",3,1,1,"---","Cold Res",5,"Water Res",2,"Sleep",2,"Fire Res",-2,,
"Lobster Vest","4150z","Sm Lobstershell",1,"Machalite Ore",4,"Genprey Hide",2,,,9,0,-5,0,6,4150,"Male/Female","Gunner",3,1,1,"---","Cold Res",5,"Water Res",2,"Sleep",2,"Fire Res",-2,,
"Plesioth Mail","4150z","Plesioth Scale",3,"Monster Fluid",1,"Ioprey Hide",2,"Plesioth Fin",2,17,-4,-4,0,4,4150,"Male/Female","Blade",3,1,1,"---","Hunger",5,"Gluttony",1,"ThunderRes",-5,,,,
"Plesioth Vest","4150z","Plesioth Scale",3,"Monster Fluid",1,"Ioprey Hide",2,"Plesioth Fin",2,9,-2,-2,1,6,4150,"Male/Female","Gunner",3,1,1,"---","Hunger",5,"Gluttony",1,"ThunderRes",-5,,,,
"Vespoid Mail","1150z","Vespoid Wing",8,"Machalite Ore",1,"Velociprey Hide",3,,,10,-6,2,2,-5,1150,"Male/Female","Blade/Gunner",3,1,1,"---","Sleep",5,"Backpackng",2,,,,,,
"Vespoid Vest","1150z","Vespoid Shell",5,"Machalite Ore",1,"Velociprey Hide",3,,,5,-5,5,2,-4,1150,"Male/Female","Blade/Gunner",3,1,1,"---","Sleep",5,"Backpackng",2,,,,,,
"Diablo Mail","4950z","Twisted Horn",2,"Diablos Shell",2,"Sm Monster Bone",20,,,18,3,1,0,-1,4950,"Male/Female","Blade",3,1,1,"---","WindPress",4,"WideEffect",2,"PsychicVis",1,"Hunger",-3,,
"Diablo Vest","4950z","Twisted Horn",2,"Diablos Shell",2,"Sm Monster Bone",20,,,10,5,4,0,2,4950,"Male/Female","Gunner",3,1,1,"---","WindPress",4,"WideEffect",2,"PsychicVis",1,"Hunger",-4,,
"Hornet Mail","1150z","Hornetaur Wing",8,"Hornetaur Shell",2,"Machalite Ore",3,"Monster Fluid",1,10,-6,-5,2,-1,1150,"Male/Female","Blade",3,1,1,"---","Poison",5,"Fate",1,"Cold Res",-5,,,,
"Hornet Vest","1150z","Hornetaur Wing",8,"Hornetaur Shell",2,"Machalite Ore",3,"Monster Fluid",1,5,-5,-3,3,2,1150,"Male/Female","Gunner",3,1,1,"---","Poison",5,"Fate",1,"Cold Res",-5,,,,
"Gravios Mail","7750z","Gravios Shell",5,"Lg Monster Bone",2,"Machalite Ore",5,"Ioprey Hide",4,20,2,2,-2,-2,7750,"Male/Female","Blade",3,1,1,"---","Health",2,"Heat Res",3,"Cold Res",3,"Faint",-3,,
"Gravios Vest","7750z","Gravios Shell",5,"Lg Monster Bone",2,"Machalite Ore",5,"Ioprey Hide",4,10,4,3,0,1,7750,"Male/Female","Gunner",3,1,1,"---","Health",2,"Heat Res",3,"Cold Res",3,"Faint",-3,,
"Steel Mail","1650z","Machalite Ore",12,"Iron Ore",10,,,,,12,2,-2,0,2,1650,"Male/Female","Blade",3,1,1,"---","MixSucRate",4,"Rec Speed",3,"ThunderRes",-2,"Worry",-2,,
"Steel Mail+","10750z","Dragonite Ore",12,"Machalite Ore",10,"Monster Bone+",2,,,22,2,-2,0,2,10750,"Male/Female","Blade",4,1,1,"---","MixSucRate",3,"Backpackng",4,"ThunderRes",-1,"Worry",-2,,
"Rathian Mail+","16750z","Rathian Plate",1,"Rathian Scale",5,"Rathian Spike",2,"King Scarab",2,26,2,-2,-4,0,16750,"Male/Female","Blade",4,1,1,"---","Health",5,"Rec Speed",2,"Fire Res",2,"ThunderRes",-2,,
"Rathian Vest+","16750z","Rathian Plate",1,"Rathian Scale",5,"Rathian Spike",2,"King Scarab",2,14,4,0,-2,2,16750,"Male/Female","Gunner",4,1,1,"---","Health",5,"Rec Speed",2,"Fire Res",2,"ThunderRes",-2,,
"Rathalos Mail+","18250z","Rathalos Plate",1,"Rathalos Shell",4,"Rathalos Webbing",3,"Dragonite Ore",4,27,2,2,-4,-1,18250,"Male/Female","Blade",4,1,1,"---","Attack",4,"Rec Speed",2,"PsychicVis",1,"Dragon Res",-4,,
"Rathalos Vest+","18250z","Rathalos Plate",1,"Rathalos Shell",4,"Rathalos Webbing",3,"Dragonite Ore",4,15,4,5,-2,2,18250,"Male/Female","Gunner",4,1,1,"---","Attack",5,"Rec Speed",2,"Worry",-4,,,,
"Kut-Ku Mail+","10750z","Dragonite Ore",3,"Kut-Ku Shell",6,"Giant Beak",1,"Monster Bone+",1,22,2,0,-1,-2,10750,"Male/Female","Blade",4,1,1,"---","Attack",4,"Faint",2,"Defense",-5,,,,
"Kut-Ku Vest+","10750z","Dragonite Ore",3,"Kut-Ku Shell",6,"Giant Beak",1,"Monster Bone+",1,14,5,3,0,1,10750,"Male/Female","Gunner",4,1,1,"---","Attack",4,"Faint",2,"Health",-5,,,,
"Leather Armor+","1350z","Dragonite Ore",2,"Iron Ore",4,"Kelbi Hide",3,"Monster Bone+",1,11,2,0,0,0,1350,"Male/Female","Blade/Gunner",4,1,1,"---","Throw",5,"Backpackng",2,"PsychicVis",2,"Worry",-2,,
"Chain Mail+","1650z","Dragonite Ore",2,"Iron Ore",8,"Kelbi Hide",1,"Monster Bone+",1,12,2,-2,0,2,1650,"Male/Female","Blade/Gunner",4,1,1,"---","Gathering",2,"Gluttony",2,"Defense",2,"Health",3,,
"Hunter's Mail+","2350z","Dragonite Ore",1,"Bullfango Pelt",6,"Iron Ore",8,"Monster Bone+",1,14,0,-4,0,0,2350,"Male/Female","Blade",4,1,1,"---","Fishing",3,"Guard Up",3,"Map",2,"Defense",-3,,
"Hunter's Vest+","2350z","Dragonite Ore",1,"Bullfango Pelt",6,"Iron Ore",8,"Monster Bone+",1,13,2,-2,0,2,2350,"Male/Female","Gunner",4,1,1,"---","Fishing",3,"NormalSAdd",3,"Map",2,"Defense",-3,,
"Bone Mail+","4150z","Dragonite Ore",2,"Sm Monster Bone",15,"Kelbi Hide",2,"Monster Bone+",1,17,2,-2,-2,2,4150,"Male/Female","Blade",4,1,1,"---","StealNoEff",5,"Hunger",2,"Flute",2,"Worry",-2,,
"Bone Vest+","4150z","Dragonite Ore",2,"Sm Monster Bone",15,"Kelbi Hide",2,"Monster Bone+",1,13,5,0,0,5,4150,"Male/Female","Gunner",4,1,1,"---","StealNoEff",5,"Hunger",2,"Flute",2,"Worry",-2,,
"Velociprey Mail+","4950z","Dragonite Ore",3,"Velociprey Scale",5,"Velociprey Hide",6,"Monster Bone+",1,18,1,1,-1,1,4950,"Male/Female","Blade",4,1,1,"---","Faint",5,"PsychicVis",2,"Worry",-2,"Poison",-2,,
"Velociprey Vest+","4950z","Dragonite Ore",3,"Velociprey Scale",5,"Velociprey Hide",6,"Monster Bone+",1,13,3,3,0,3,4950,"Male/Female","Blade/Gunner",4,1,1,"---","Faint",5,"PsychicVis",2,"Worry",-2,"Poison",-2,,
"Battle Mail+","4950z","Dragonite Ore",3,"Rubbery Hide",2,"Earth Crystal",15,"Monster Bone+",1,18,2,-2,0,-2,4950,"Male/Female","Blade",4,1,1,"---","Guard",2,"Health",2,"Defense",2,"Backpackng",2,"Faint",-3
"Battle Vest+","4950z","Dragonite Ore",3,"Rubbery Hide",2,"Small Bone Husk",15,"Monster Bone+",1,13,4,0,2,0,4950,"Male/Female","Gunner",4,1,1,"---","Load",2,"Backpackng",2,"Health",-3,"Protection",-2,,
"Genprey Mail+","9250z","Dragonite Ore",2,"Genprey Scale",8,"Bullfango Pelt",3,"Monster Bone+",1,21,2,3,-1,-2,9250,"Male/Female","Blade",4,1,1,"---","Paralysis",5,"ThunderRes",4,"Water Res",-2,,,,
"Genprey Vest+","9250z","Dragonite Ore",2,"Genprey Scale",8,"Bullfango Pelt",3,"Monster Bone+",1,14,4,5,0,0,9250,"Male/Female","Blade/Gunner",4,1,1,"---","Paralysis",5,"ThunderRes",4,"Water Res",-2,,,,
"Ioprey Mail+","12250z","Union Ore",2,"Ioprey Scale",5,"Poison Sac",2,"Monster Bone+",2,23,3,-2,-1,2,12250,"Male/Female","Blade",4,1,1,"---","Poison",5,"ThunderRes",2,"Paralysis",2,"PsychicVis",2,,
"Ioprey Vest+","12250z","Union Ore",2,"Ioprey Scale",5,"Poison Sac",2,"Monster Bone+",2,14,5,0,0,4,12250,"Male/Female","Blade/Gunner",4,1,1,"---","Poison",5,"ThunderRes",2,"PsychicVis",2,"Water Res",-2,,
"Gypceros Mail+","13750z","Monster Bone+",2,"Rubbery Hide",4,"Antiseptic Stone",4,"Gendrome Hide",2,24,-4,4,0,1,13750,"Male/Female","Blade",4,1,1,"---","Wide Cntr",3,"Health",2,"Paralysis",2,"ThunderRes",2,"Water Res",-2
"Gypceros Vest+","13750z","Monster Bone+",2,"Rubbery Hide",4,"Antiseptic Stone",4,"Gendrome Hide",2,14,-1,6,0,4,13750,"Male/Female","Gunner",4,1,1,"---","Wide Cntr",3,"Health",2,"Paralysis",2,"ThunderRes",2,"Water Res",-2
"Cephalos Mail+","13750z","Union Ore",2,"Cephalos Scale",6,"Cephalos Fin",3,"Monster Bone+",1,24,-3,-4,0,2,13750,"Male/Female","Blade",4,1,1,"---","Heat Res",5,"Recovery",2,"PsychicVis",2,"Faint",-2,,
"Cephalos Vest+","13750z","Union Ore",2,"Cephalos Scale",6,"Cephalos Fin",3,"Monster Bone+",1,14,-1,-2,1,5,13750,"Male/Female","Gunner",4,1,1,"---","Heat Res",5,"Recovery",2,"PsychicVis",2,"Faint",-2,,
"Leather Armor S","3350z","Carbalite Ore",2,"Kelbi Hide",2,"Dragonite Ore",3,"Monster Bone+",1,16,2,0,0,0,3350,"Male/Female","Blade/Gunner",6,1,1,"---","HearProtct",2,"Gathering",3,"PsychicVis",2,"Faint",-2,,
"Chain Mail S","4150z","Carbalite Ore",2,"Machalite Ore",6,"Dragonite Ore",4,,,17,2,-2,0,2,4150,"Male/Female","Blade/Gunner",6,1,1,"---","BombStrUp",2,"MixSucRate",2,"Health",-6,,,,
"Hunter's Mail S","13750z","Carbalite Ore",3,"Flabby Hide",5,"Rathalos Scale",4,"Bullfango Pelt",2,24,0,-4,0,0,13750,"Male/Female","Blade",6,1,1,"---","Rec Speed",1,"Fate",3,"Fishing",2,"Sleep",-2,"Gathering",-3
"Hunter's Vest S","13750z","Carbalite Ore",3,"Flabby Hide",5,"Rathalos Scale",4,"Bullfango Pelt",2,18,2,-2,0,2,13750,"Male/Female","Gunner",6,1,1,"---","Rec Speed",2,"Fate",1,"PelletS Up",1,"Load",-5,,
"Bone Mail S","18250z","Hrd Monster Bone",1,"Bullfango Pelt",2,"King Scarab",3,"Monster Bone+",3,27,2,-2,-2,2,18250,"Male/Female","Blade",6,1,1,"---","StealNoEff",3,"Heat Res",1,"SwdShrpner",1,"PsychicVis",3,"Faint",-3
"Bone Vest S","18250z","Hrd Monster Bone",1,"Bullfango Pelt",2,"King Scarab",3,"Monster Bone+",3,18,5,0,0,5,18250,"Male/Female","Gunner",6,1,1,"---","StealNoEff",3,"Heat Res",2,"MixSucRate",2,"PsychicVis",2,"Paralysis",-2
"Velociprey Mail S","19750z","Velociprey Scle+",4,"Velociprey Hide+",6,"Dragonite Ore",4,,,28,1,1,-1,1,19750,"Male/Female","Blade",6,1,1,"---","Faint",2,"Health",1,"Spc Attack",3,"PsychicVis",1,"Guard",-4
"Velociprey Vest S","19750z","Velociprey Scle+",4,"Velociprey Hide+",6,"Dragonite Ore",4,,,18,3,3,0,3,19750,"Male/Female","Gunner",6,1,1,"---","Faint",3,"Sleep",1,"NormalS Up",3,"Load",-4,,
"Battle Mail S","19750z","Kut-Ku Carapace",4,"Long Kut-Ku Ear",3,"Pure Crystal",1,"Disk Stone",10,28,2,-2,0,-2,19750,"Male/Female","Blade",6,1,1,"---","PsychicVis",1,"Map",2,"Guard Up",1,"Recovery",-2,"Rec Speed",-5
"Battle Vest S","19750z","Kut-Ku Carapace",4,"Long Kut-Ku Ear",3,"Pure Crystal",1,"Dragon Seed",2,18,4,0,2,0,19750,"Male/Female","Gunner",6,1,1,"---","Load",5,"Defense",-6,,,,,,
"Vespoid Mail S","23250z","Vspoid Razorwing",5,"Vespoid Carapace",4,"Vespoid Bladefin",4,"King Scarab",3,30,-6,2,2,-5,23250,"Male/Female","Blade",6,1,1,"---","Poison",3,"WideEffect",2,"Hunger",-6,,,,
"Vespoid Vest S","23250z","Vspoid Razorwing",5,"Vespoid Carapace",4,"Vespoid Shell",10,"Joiner Grasshppr",3,16,-5,5,2,-4,23250,"Male/Female","Gunner",6,1,1,"---","Poison",3,"WideEffect",2,"Hunger",-6,,,,
"Hornet Mail S","23250z","Hornet Razorwing",3,"Hornet Carapace",4,"Hornetaur Head",2,"Joiner Grasshppr",3,30,-6,-5,2,-1,23250,"Male/Female","Blade",6,1,1,"---","Dragon Res",5,"Fate",2,"Hunger",-4,,,,
"Hornet Vest S","23250z","Hornet Razorwing",3,"Hornet Carapace",4,"Hornetaur Head",2,"Joiner Grasshppr",3,15,-5,-3,3,2,23250,"Male/Female","Gunner",6,1,1,"---","Dragon Res",5,"Fate",2,"Defense",-4,,,,
"Hi-Metal Mail S","23250z","Carbalite Ore",5,"Nova Crystal",1,"Dragonite Ore",8,"Machalite Ore",12,30,-2,3,0,-2,23250,"Male/Female","Blade",6,1,1,"---","Health",2,"Throw",2,"PsychicVis",3,"Cold Res",-2,"Artisan",-2
"Hi-Metal Vest S","23250z","Carbalite Ore",5,"Nova Crystal",1,"Dragonite Ore",8,"Machalite Ore",12,18,0,5,0,0,23250,"Male/Female","Gunner",6,1,1,"---","Health",2,"PierceS Up",1,"PsychicVis",2,"Cold Res",-2,"Load",-4
"Genprey Mail S","24750z","Genprey Scale+",6,"Genprey Hide+",9,"Carbalite Ore",3,"Bullfango Pelt",10,31,2,3,-1,-2,24750,"Male/Female","Blade",6,1,1,"---","Paralysis",2,"Faint",3,"Protection",2,"Fate",-2,"Recovery",-2
"Genprey Vest S","24750z","Genprey Scale+",6,"Genprey Hide+",9,"Carbalite Ore",3,"Bullfango Pelt",10,19,4,5,0,0,24750,"Male/Female","Gunner",6,1,1,"---","Paralysis",4,"Faint",2,"PelletS Up",2,"Load",-3,,
"Kut-Ku Mail S","26250z","Kut-Ku Carapace",4,"Long Kut-Ku Ear",3,"Kut-Ku Wing",5,"Monster Bone+",2,32,2,0,-1,-2,26250,"Male/Female","Blade",6,1,1,"---","Attack",4,"Protection",2,"Defense",-5,,,,
"Kut-Ku Vest S","26250z","Kut-Ku Carapace",4,"Long Kut-Ku Ear",3,"Kut-Ku Wing",5,"Monster Bone+",2,19,5,3,0,1,26250,"Male/Female","Gunner",6,1,1,"---","Attack",4,"Protection",2,"Health",-5,,,,
"Ioprey Mail S","27750z","Ioprey Scale+",6,"Ioprey Hide+",9,"Carbalite Ore",4,"Hrd Monster Bone",1,33,3,-2,-1,2,27750,"Male/Female","Blade",6,1,1,"---","Poison",3,"Paralysis",2,"BombStrUp",1,"MixSucRate",-5,,
"Ioprey Vest S","27750z","Ioprey Scale+",6,"Ioprey Hide+",9,"Carbalite Ore",4,"Hrd Monster Bone",1,19,5,0,0,4,27750,"Male/Female","Gunner",6,1,1,"---","Poison",3,"Paralysis",1,"PierceS Up",3,"Load",-4,,
"Gypceros Mail S","29250z","Rubbery Hide+",5,"Monster Broth",3,"Antiseptic Stone",10,"Gendrome Hide",2,34,-4,4,0,1,29250,"Male/Female","Blade",6,1,1,"---","Gluttony",4,"Defense",-7,,,,,,
"Gypceros Vest S","29250z","Rubbery Hide+",5,"Monster Broth",3,"Antiseptic Stone",10,"Gendrome Hide",2,19,-1,6,0,4,29250,"Male/Female","Gunner",6,1,1,"---","Gluttony",1,"PelletSAdd",5,"Load",-5,,,,
"Cephalos Mail S","29250z","Cephalos Scale+",4,"Cephalos Fin+",5,"Light Crystal",2,"Union Ore",3,34,-3,-4,0,2,29250,"Male/Female","Blade",6,1,1,"---","Heat Res",2,"Guard",3,"Fishing",2,"Faint",-4,,
"Cephalos Vest S","29250z","Cephalos Scale+",4,"Cephalos Fin+",5,"Light Crystal",2,"Union Ore",3,19,-1,-2,1,5,29250,"Male/Female","Gunner",6,1,1,"---","Heat Res",3,"Defense",3,"Fishing",2,"Faint",-3,,
"Steel Mail S","26250z","Pure Crystal",1,"Nova Crystal",2,"Dragonite Ore",12,"Machalite Ore",10,32,2,-2,0,2,26250,"Male/Female","Blade",6,1,1,"---","MixSucRate",5,"SwdShrpner",3,"PsychicVis",1,"Defense",-2,,
"Rathian Mail S","32250z","Rathian Ruby",1,"Rathian Scale+",3,"Rathian Spike",2,"Pure Crystal",1,36,2,-2,-4,0,32250,"Male/Female","Blade",6,1,1,"---","Health",3,"Protection",2,"Dragon Res",-5,"Hunger",-1,,
"Rathian Vest S","32250z","Rathian Ruby",1,"Rathian Scale+",3,"Rathian Spike",2,"Pure Crystal",1,19,4,0,-2,2,32250,"Male/Female","Gunner",6,1,1,"---","Protection",1,"Recovery",2,"PsychicVis",3,"Dragon Res",-5,,
"Khezu Mail S","32250z","Pale Khezu Steak",1,"Khezu Hide - Tan",3,"Monster Broth",6,"Lifepowder",3,36,-3,4,0,3,32250,"Male/Female","Blade",6,1,1,"---","Wide Rec",2,"HearProtct",1,"Faint",-2,"Protection",-1,"Heat Res",-5
"Khezu Vest S","32250z","Pale Khezu Steak",1,"Khezu Hide - Tan",3,"Monster Broth",6,"Lifepowder",3,20,-1,6,0,5,32250,"Male/Female","Gunner",6,1,1,"---","Wide Rec",2,"Defense",1,"Poison",-2,"Protection",-1,"Heat Res",-5
"Rathalos Mail S","33750z","Rathalos Ruby",1,"Rathlos Carapace",2,"Hrd Monster Bone",2,"Pure Crystal",1,37,2,2,-4,-1,33750,"Male/Female","Blade",6,1,1,"---","Artisan",2,"Rec Speed",3,"Hunger",-4,"Map",-2,,
"Rathalos Vest S","33750z","Rathalos Ruby",1,"Rathlos Carapace",2,"Hrd Monster Bone",2,"Pure Crystal",1,20,4,5,-2,2,33750,"Male/Female","Gunner",6,1,1,"---","PierceS Up",1,"Rec Speed",2,"PsychicVis",3,"Load",-2,"Fate",-3
"Plesioth Mail S","33750z","Plesioth Top Fin",3,"Plesioth Scale+",2,"Cephalos Scale+",2,"Joiner Grasshppr",3,37,-4,-4,0,4,33750,"Male/Female","Blade",6,1,1,"---","Fishing",3,"Heat Res",3,"Hunger",2,"Faint",-3,,
"Plesioth Vest S","33750z","Plesioth Top Fin",3,"Plesioth Scale+",2,"Cephalos Scale+",2,"Joiner Grasshppr",3,20,-2,-2,1,6,33750,"Male/Female","Gunner",6,1,1,"---","Fishing",3,"Heat Res",3,"Hunger",3,"Faint",-2,,
"Lobster Mail S","33750z","Gt Lobstershell",1,"Plesioth Top Fin",2,"Carbalite Ore",3,"Genprey Hide+",4,37,-2,-6,-2,4,33750,"Male/Female","Blade",6,1,1,"---","Water Res",5,"Worry",-6,,,,,,
"Lobster Vest S","33750z","Gt Lobstershell",1,"Plesioth Top Fin",2,"Carbalite Ore",3,"Genprey Hide+",4,20,0,-5,0,6,33750,"Male/Female","Gunner",6,1,1,"---","Water Res",5,"Worry",-6,,,,,,
"Diablo Mail S","35250z","Diablos Thoracic",3,"Solid Blos Horn",1,"Diablos Shell",5,"Gendrome Hide",3,38,3,1,0,-1,35250,"Male/Female","Blade",6,1,1,"---","WindPress",3,"HearProtct",1,"Hunger",-4,"Faint",-3,,
"Diablo Vest S","35250z","Diablos Thoracic",3,"Solid Blos Horn",1,"Diablos Shell",5,"Gendrome Hide",3,20,5,4,0,2,35250,"Male/Female","Gunner",6,1,1,"---","WindPress",3,"HearProtct",2,"Hunger",-4,"Faint",-2,,
"Monoblos Mail S","35250z","Firecell Stone",2,"Crimson Horn",3,"Monoblos Spine",4,"Hrd Monster Bone",2,38,2,-2,-1,-1,35250,"Male/Female","Blade",6,1,1,"---","Artisan",2,"Whim",4,"Hunger",-5,,,,
"Monoblos Vest S","35250z","Firecell Stone",2,"Crimson Horn",3,"Monoblos Spine",4,"Hrd Monster Bone",2,20,4,0,0,2,35250,"Male/Female","Gunner",6,1,1,"---","Health",4,"WideEffect",3,"Hunger",-4,,,,
"Gravios Mail S","38250z","GraviosHeavyShl",5,"Gravios Wing",1,"Monster Bone+",2,"Fire Stone",2,40,2,2,-2,-2,38250,"Male/Female","Blade",6,1,1,"---","Health",3,"Attack",2,"Defense",-3,"Protection",-3,,
"Gravios Vest S","38250z","GraviosHeavyShl",5,"Gravios Wing",1,"Monster Bone+",2,"Fire Stone",2,20,4,3,0,1,38250,"Male/Female","Gunner",6,1,1,"---","ClustS Add",5,"PsychicVis",1,"Load",-5,,,,
"Leather Armor U","3350z","Rathlos Carapace",1,"Carbalite Ore",2,"Wht Velopry Hide",5,,,16,3,3,1,3,3350,"Male/Female","Blade/Gunner",6,1,1,"---","Defense",3,"Artisan",1,"PierceS Up",1,"Load",-3,"Hunger",-3
"Hunter's Mail U","13750z","Rathlos Carapace",1,"Carbalite Ore",3,"King Scarab",6,"Blk Gravios Crst",3,24,0,-4,0,0,13750,"Male/Female","Blade",6,1,1,"---","Map",3,"SwdShrpner",2,"Attack",3,"Faint",-3,,
"Hunter's Vest U","13750z","Rathlos Carapace",1,"Carbalite Ore",3,"King Scarab",6,"Blk Gravios Crst",3,18,2,-2,0,2,13750,"Male/Female","Gunner",6,1,1,"---","Map",3,"PsychicVis",3,"All Res Up",2,"Faint",-3,,
"Bone Mail U","18250z","Firecell Stone",2,"Lg Monster Bone",3,"Bullfango Pelt",4,"Joiner Grasshppr",3,27,2,-2,-2,2,18250,"Male/Female","Blade",6,1,1,"---","Alchemy",2,"All Res Up",1,"PsychicVis",3,"Poison",-3,,
"Bone Vest U","18250z","Firecell Stone",2,"Lg Monster Bone",3,"Bullfango Pelt",4,"Joiner Grasshppr",3,18,5,0,0,5,18250,"Male/Female","Gunner",6,1,1,"---","Alchemy",2,"All Res Up",2,"NormalS Up",2,"Protection",-1,"Load",-4
"Velociprey Mail U","38250z","WhtVelopry Scale",3,"Wht Velopry Hide",6,"Blk Gravios Cpc",2,"Firecell Stone",2,40,1,1,-1,1,38250,"Male/Female","Blade",6,1,1,"---","Gluttony",2,"All Res Up",2,"Poison",-7,,,,
"Velociprey Vest U","38250z","WhtVelopry Scale",3,"Wht Velopry Hide",6,"Blk Gravios Cpc",2,"Firecell Stone",2,20,3,3,0,3,38250,"Male/Female","Gunner",6,1,1,"---","Gluttony",2,"All Res Up",2,"Health",-5,,,,
"Hi-Metal Mail U","23250z","Basarios Tears",1,"Pure Crystal",1,"Carbalite Ore",3,"Joiner Grasshppr",3,30,-2,3,0,-2,23250,"Male/Female","Blade",6,1,1,"---","Health",4,"Sharpness",1,"PsychicVis",1,"Faint",-2,"Defense",-3
"Hi-Metal Vest U","23250z","Basarios Tears",1,"Pure Crystal",1,"Carbalite Ore",3,"Joiner Grasshppr",3,18,0,5,0,0,23250,"Male/Female","Gunner",6,1,1,"---","Health",3,"Shot Mix",2,"Heat Res",-2,"MixSucRate",-4,,
"Kut-Ku Mail U","26250z","Blue Kut-Ku Ear",2,"BluKutKuCarapace",5,"Blue Kut+Ku Wing",4,"Hrd Monster Bone",1,32,2,0,-1,-2,26250,"Male/Female","Blade",6,1,1,"---","Attack",5,"Spc Attack",2,"Defense",-4,,,,
"Kut-Ku Vest U","26250z","Blue Kut-Ku Ear",2,"BluKutKuCarapace",5,"Blue Kut+Ku Wing",4,"Hrd Monster Bone",1,19,5,3,0,1,26250,"Male/Female","Gunner",6,1,1,"---","Attack",4,"Defense",3,"Health",-4,,,,
"Gypceros Mail U","29250z","Pur Rubbery Hide",4,"Monster Broth",3,"Antiseptic Stone",10,"Joiner Grasshppr",2,34,-4,4,0,1,29250,"Male/Female","Blade",6,1,1,"---","Poison",2,"Recovery",1,"Wide Cntr",2,"Defense",-3,"Hunger",-3
"Gypceros Vest U","29250z","Pur Rubbery Hide",4,"Monster Broth",3,"Antiseptic Stone",10,"Joiner Grasshppr",2,19,-1,6,0,4,29250,"Male/Female","Gunner",6,1,1,"---","BmbShotAdd",3,"Poison",3,"Health",-5,,,,
"Cephalos Mail U","29250z","Coral Cphlos Scl",3,"Coral Cphlos Fin",4,"Machalite Ore",15,"Iron Ore",20,34,-3,-4,0,2,29250,"Male/Female","Blade",6,1,1,"---","Fate",2,"Fishing",2,"HearProtct",1,"PsychicVis",2,"Faint",-1
"Cephalos Vest U","29250z","Coral Cphlos Scl",3,"Coral Cphlos Fin",4,"Machalite Ore",15,"Iron Ore",20,19,-1,-2,1,5,29250,"Male/Female","Gunner",6,1,1,"---","Fate",4,"Fishing",2,"PsychicVis",2,"Health",-3,,
"Khezu Mail U","32250z","Alluring Hide",3,"Pale Khezu Steak",2,"Monster Broth",6,"Lifepowder",3,36,3,4,0,-3,32250,"Male/Female","Blade",6,1,1,"---","Rec Speed",5,"Recovery",2,"SwdShrpner",-4,,,,
"Khezu Vest U","32250z","Alluring Hide",3,"Pale Khezu Steak",2,"Monster Broth",6,"Lifepowder",3,20,5,6,0,-1,32250,"Male/Female","Gunner",6,1,1,"---","Wide Rec",2,"Recovery",1,"Load",-5,"Worry",-3,,
"Plesioth Mail U","33750z","Grn Plesioth Scl",3,"Grn Plesioth Fin",4,"Monster Broth",3,"GrnPlesiothSclPc",3,37,-4,-4,0,4,33750,"Male/Female","Blade",6,1,1,"---","Attack",2,"Protection",2,"Fate",3,"Guard",-4,,
"Plesioth Vest U","33750z","Grn Plesioth Scl",3,"Grn Plesioth Fin",4,"Monster Broth",3,"GrnPlesiothSclPc",3,20,-2,-2,1,6,33750,"Male/Female","Gunner",6,1,1,"---","Attack",2,"Protection",2,"Fate",3,"Health",-4,,
"Diablo Mail U","35250z","Black Blos Spine",3,"Black Blos Shell",5,"TwstBlckBlosHrn",1,"Gendrome Hide",2,38,3,1,0,-1,35250,"Male/Female","Blade",6,1,1,"---","WindPress",3,"Fate",4,"PsychicVis",1,"Hunger",-3,,
"Diablo Vest U","35250z","Black Blos Spine",3,"Black Blos Shell",5,"TwstBlckBlosHrn",1,"Gendrome Hide",2,20,5,4,0,2,35250,"Male/Female","Gunner",6,1,1,"---","WindPress",3,"Fate",4,"PsychicVis",1,"Hunger",-3,,
"Gravios Mail U","38250z","Blk Gravios Cpc",3,"Blk Gravios Shl",4,"Hrd Monster Bone",3,"Firecell Stone",3,40,2,2,0,-2,38250,"Male/Female","Blade",6,1,1,"---","Health",1,"Heat Res",1,"Fate",3,"Recovery",-3,"Hunger",-3
"Gravios Vest U","38250z","Blk Gravios Cpc",3,"Blk Gravios Shl",4,"Hrd Monster Bone",3,"Firecell Stone",3,24,4,3,0,1,38250,"Male/Female","Gunner",6,1,1,"---","Heat Res",2,"PsychicVis",3,,,,,,
"Black Belt Mail","3300z","Gravios Coin",14,"Hammer Ticket",5,"Lance Ticket",5,"Gunner Ticket",5,12,2,2,2,2,3300,"Male/Female","Blade/Gunner",5,1,1,"---","Artisan",3,"PierceS Up",3,"Faint",-3,,,,
"Rathian Heart Mail","5025z","Pnk Rthian Thorn",1,"Pnk Rathian Scl",3,"Pnk Rathian Claw",1,"Monster Broth",2,16,2,-2,-4,0,5025,"Male/Female","Blade",5,1,1,"---","Health",2,"Fate",3,"Alchemy",3,"Paralysis",-3,,
"Rathian Heart Vest","5025z","Pnk Rthian Thorn",1,"Pnk Rathian Scl",3,"Pnk Rathian Claw",1,"Monster Broth",2,8,4,0,-2,2,5025,"Male/Female","Gunner",5,1,1,"---","Health",2,"Fate",3,"Alchemy",3,"Hunger",-3,,
"Rathalos Soul Mail","6225z","Azr Rthls Webbng",3,"Azure Rthlos Shl",3,"Azure Rthlos Scl",1,"Monster Broth",2,17,2,-1,-4,2,6225,"Male/Female","Blade",5,1,1,"---","HearProtct",3,"SwdShrpner",3,"PsychicVis",2,"Whim",-3,,
"Rathalos Soul Vest","6225z","Azr Rthls Webbng",3,"Azure Rthlos Shl",3,"Azure Rthlos Scl",1,"Monster Broth",2,9,4,2,-2,5,6225,"Male/Female","Gunner",5,1,1,"---","HearProtct",3,"Shot Mix",1,"PsychicVis",4,"Whim",-3,,
"Monodevil Mail","13875z","Wht Monoblos Hrn",2,"Wht Monoblos Spn",3,"Wht Monoblos Shl",3,"Monster Broth",4,21,2,-2,-1,-1,13875,"Male/Female","Blade",5,1,1,"---","Attack",3,"WindPress",3,"Hunger",-3,"Defense",-2,,
"Monodevil Vest","13875z","Wht Monoblos Hrn",2,"Wht Monoblos Spn",3,"Wht Monoblos Shl",3,"Monster Broth",4,10,4,0,0,2,13875,"Male/Female","Gunner",5,1,1,"---","Attack",3,"WindPress",3,"Hunger",-3,"Defense",-2,,
"Moss Breastplate+","1350z","Monster Bone+",1,"Mosswine Hide",1,"Bullfango Pelt",8,,,11,0,0,0,0,1350,"Male/Female","Blade/Gunner",5,1,1,"---","Gluttony",3,"Health",3,"Fate",2,"Hunger",-3,,
"Shinobi Suit (White)","39375z","Fatalis' Wing",1,"Guild Ticket",1,"Monster Broth",2,"Rathalos Wing",1,15,0,2,1,-6,39375,"Male/Female","Blade/Gunner",5,1,1,"---","Poison",3,"Worry",2,"Hunger",2,"Faint",-3,,
"Shinobi Suit (Black)","39375z","Fatalis' Wing",1,"Guild Ticket",1,"Monster Broth",2,"Rathalos Wing",1,15,2,4,2,-5,39375,"Male/Female","Blade/Gunner",5,1,1,"---","Poison",3,"Worry",2,"Hunger",2,"Faint",-3,,
"Guild Knight Suit+","39375z","King Scarab",4,"Guild Ticket",1,"Jewel Ticket",2,"Iodrome Hide",3,15,0,0,0,0,39375,"Male","Blade/Gunner",5,1,1,"---","Gathering",2,"Whim",3,"Fate",3,"Health",-3,,
"Guild Knght Vest+","39375z","King Scarab",4,"Guild Ticket",1,"Jewel Ticket",2,"Iodrome Hide",3,15,0,0,0,0,39375,"Male","Blade/Gunner",5,1,1,"---","Gathering",2,"Whim",3,"Fate",3,"Health",-3,,
"Maiden's Vest+","39375z","King Scarab",4,"Guild Ticket",1,"Jewel Ticket",2,"Iodrome Hide",3,15,0,0,0,0,39375,"Female","Blade/Gunner",5,1,1,"---","Gathering",2,"Whim",3,"Fate",3,"Health",-3,,
"Personal Vest+","39375z","King Scarab",4,"Guild Ticket",1,"Jewel Ticket",2,"Iodrome Hide",3,15,0,0,0,0,39375,"Female","Blade/Gunner",5,1,1,"---","Gathering",2,"Whim",3,"Fate",3,"Health",-3,,
"Rathian Heart Mail+","25125z","Pnk Rthian Plate",1,"Pnk Rathian Scl",2,"Pnk Rthian Thorn",2,"Nova Crystal",1,26,2,-2,-4,0,25125,"Male/Female","Blade",5,1,1,"---","Health",3,"Fate",3,"Worry",-3,"Defense",-2,,
"Rathian Heart Vest+","25125z","Pnk Rthian Plate",1,"Pnk Rathian Scl",2,"Pnk Rthian Thorn",2,"Nova Crystal",1,14,4,0,-2,2,25125,"Male/Female","Gunner",5,1,1,"---","Health",3,"Fate",3,"Worry",-3,"Defense",-2,,
"Rathalos Soul Mail+","27375z","Azre Rthls Plate",1,"Azure Rthlos Shl",4,"Azr Rthls Webbng",3,"Nova Crystal",1,27,2,-1,-4,2,27375,"Male/Female","Blade",5,1,1,"---","Faint",3,"Attack",3,"Defense",-3,"Whim",-2,,
"Rathalos Soul Vest+","27375z","Azre Rthls Plate",1,"Azure Rthlos Shl",4,"Azr Rthls Webbng",3,"Nova Crystal",1,15,4,2,-2,5,27375,"Male/Female","Gunner",5,1,1,"---","Faint",2,"Attack",2,"Defense",-2,"Whim",-5,,
"Auroros Torso Mai","39375z","LaoShan Thoracic",1,"Lao-Shan's Shell",5,"Monoblos Heart",1,"Commendation",3,32,-2,0,-4,2,39375,"Male","Blade",5,1,1,"---","Rec Speed",2,"Map",2,"Guard",2,"Faint",-3,,
"Genesis Torso Mai","39375z","LaoShan Thoracic",1,"Lao-Shan's Shell",5,"Monoblos Heart",1,"Commendation",3,16,1,2,-2,3,39375,"Male","Gunner",5,1,1,"---","Rec Speed",2,"Map",2,"Load",2,"Health",-3,,
"Borealis Chest Mai","39375z","LaoShan Thoracic",1,"Lao-Shan's Shell",5,"Monoblos Heart",1,"Commendation",3,32,-2,0,-4,2,39375,"Female","Blade",5,1,1,"---","Rec Speed",2,"Map",2,"Guard",2,"Faint",-3,,
"Glyph Chest Mai","39375z","LaoShan Thoracic",1,"Lao-Shan's Shell",5,"Monoblos Heart",1,"Commendation",3,16,1,2,-2,3,39375,"Female","Gunner",5,1,1,"---","Rec Speed",2,"Map",2,"Load",2,"Health",-3,,
"Dragonhide+","55555z","Hrd Fatalis Crst",1,"Fatalis Carapace",3,"Fatalis' Scale+",2,"Rathalos Plate",1,34,0,2,-5,2,55555,"Male/Female","Blade",5,1,1,"---","Attack",2,"WindPress",3,"PsychicVis",1,"Defense",-2,"Hunger",-3
"Dragonskin+","55555z","Hrd Fatalis Crst",1,"Fatalis Carapace",3,"Fatalis' Scale+",2,"Rathalos Plate",1,17,2,4,-2,4,55555,"Male/Female","Gunner",5,1,1,"---","Attack",2,"WindPress",3,"PsychicVis",1,"Health",-2,"Hunger",-3
"Moss Breastplate S","3350z","Carbalite Ore",2,"Mosswine Hide",2,"Bullfango Pelt",6,,,16,0,0,0,0,3350,"Male/Female","Blade/Gunner",7,1,1,"---","Gluttony",5,"Fate",2,"Hunger",-3,,,,
"Shinobi Suit(Heaven)","61875z","Fatalis Strg Wng",1,"Guild Ticket",1,"Monster Broth",5,"Rathalos Scale+",2,20,0,2,1,-6,61875,"Male/Female","Blade/Gunner",7,1,1,"---","Protection",2,"Worry",2,"Hunger",2,"Throw",2,"Faint",-3
"Shinobi Suit (Earth)","61875z","Fatalis Strg Wng",1,"Guild Ticket",1,"Monster Broth",5,"Rathalos Scale+",2,20,2,4,2,-5,61875,"Male/Female","Blade/Gunner",7,1,1,"---","Protection",2,"Worry",2,"Hunger",3,"Flute",1,"Faint",-3
"Guild Knight Suit S","61875z","Pure Crystal",2,"Guild Ticket",1,"Jewel Ticket",3,"Coral Cphlos Scl",2,20,0,0,0,0,61875,"Male","Blade/Gunner",7,1,1,"---","Protection",2,"Fate",3,"Gluttony",2,"Alchemy",2,"Poison",-2
"Guild Knight Vest S","61875z","Pure Crystal",2,"Guild Ticket",1,"Jewel Ticket",3,"Coral Cphlos Scl",2,20,0,0,0,0,61875,"Male","Blade/Gunner",7,1,1,"---","Protection",2,"Fate",3,"Gluttony",2,"Alchemy",2,"Poison",-2
"Maiden's Vest S","61875z","Pure Crystal",2,"Guild Ticket",1,"Jewel Ticket",3,"Coral Cphlos Scl",2,20,0,0,0,0,61875,"Female","Blade/Gunner",7,1,1,"---","Protection",2,"Fate",3,"Gluttony",2,"Alchemy",2,"Poison",-2
"Personal Vest S","61875z","Pure Crystal",2,"Guild Ticket",1,"Jewel Ticket",3,"Coral Cphlos Scl",2,20,0,0,0,0,61875,"Female","Blade/Gunner",7,1,1,"---","Protection",2,"Fate",3,"Gluttony",2,"Alchemy",2,"Poison",-2
"Rathian Heart Mail S","48375z","Pnk Rathian Rby",1,"Pnk Rathian Cpc",2,"Pnk Rthian Thorn",2,"Joiner Grasshppr",3,36,2,-2,-4,0,48375,"Male/Female","Blade",7,1,1,"---","Health",3,"Recovery",2,"Faint",-3,"Hunger",-3,,
"Rathian Heart Vest S","48375z","Pnk Rathian Rby",1,"Pnk Rathian Cpc",2,"Pnk Rthian Thorn",2,"Joiner Grasshppr",3,19,4,0,-2,2,48375,"Male/Female","Gunner",7,1,1,"---","Health",2,"Recovery",2,"PsychicVis",3,"Faint",-4,,
"Rathalos Soul Mail S","50625z","Azure Rthlos Rby",1,"Azure Rthlos Cpc",3,"Azr Rthls Webbng",3,"Hrd Monster Bone",2,37,2,-1,-4,2,50625,"Male/Female","Blade",7,1,1,"---","Sharpness",2,"Hunger",-4,"Water Res",-5,,,,
"Rathalos Soul Vest S","50625z","Azure Rthlos Rby",1,"Azure Rthlos Cpc",3,"Azr Rthls Webbng",3,"Hrd Monster Bone",2,20,4,2,-2,5,50625,"Male/Female","Gunner",7,1,1,"---","NormalS Up",2,"Fate",2,"Load",-2,"Water Res",-5,,
"Monodevil Mail S","59625z","Firecell Stone",3,"Wht Monoblos Hrn",4,"Wht Monoblos Shl",5,"Black Blos Spine",4,41,2,-2,-1,-1,59625,"Male/Female","Blade",7,1,1,"---","WindPress",3,"Faint",2,"Hunger",-6,,,,
"Monodevil Vest S","59625z","Firecell Stone",3,"Wht Monoblos Hrn",4,"Wht Monoblos Shl",5,"Black Blos Spine",4,21,4,0,0,2,59625,"Male/Female","Gunner",7,1,1,"---","WindPress",3,"Faint",2,"Hunger",-6,,,,
"Auroros Torso Haku","61875z","LaoS Heavy Shell",1,"Lao-ShanCarapace",5,"Wht Monoblos Hrn",1,"Commendation",3,42,-2,0,-4,2,61875,"Male","Blade",7,1,1,"---","Rec Speed",3,"Attack",2,"Defense",-3,"Sharpness",-3,,
"Genesis Torso Haku","61875z","LaoS Heavy Shell",1,"Lao-ShanCarapace",5,"Wht Monoblos Hrn",1,"Commendation",3,21,1,2,-2,3,61875,"Male","Gunner",7,1,1,"---","Rec Speed",2,"Load",2,"All Res Up",1,"Defense",-6,,
"Borealis Chest Haku","61875z","LaoS Heavy Shell",1,"Lao-ShanCarapace",5,"Wht Monoblos Hrn",1,"Commendation",3,42,-2,0,-4,2,61875,"Female","Blade",7,1,1,"---","Rec Speed",3,"Attack",2,"Defense",-3,"Sharpness",-3,,
"Glyph Chest Haku","61875z","LaoS Heavy Shell",1,"Lao-ShanCarapace",5,"Wht Monoblos Hrn",1,"Commendation",3,21,1,2,-2,3,61875,"Female","Gunner",7,1,1,"---","Rec Speed",2,"Load",2,"All Res Up",1,"Defense",-6,,
"Dragonhide S","111111z","Hvy Fatalis Crst",1,"Fatalis Hvy Shl",3,"Thck Fatalis Scl",2,"Rathalos Ruby",1,44,0,2,-5,2,111111,"Male/Female","Blade",7,1,1,"---","Rec Speed",2,"Attack",3,"Sharpness",1,"Faint",-5,,
"Dragonskin S","111111z","Hvy Fatalis Crst",1,"Fatalis Hvy Shl",3,"Thck Fatalis Scl",2,"Rathalos Ruby",1,22,2,4,-2,4,111111,"Male/Female","Gunner",7,1,1,"---","Rec Speed",2,"Load",2,"Protection",3,"Defense",-4,,
"Auroros Torso Ten","123750z","Azure LaoS Spine",1,"Azure LaoS Shell",5,"Black Blos Tail",5,"Commendation",3,42,-2,0,-4,2,123750,"Male","Blade",7,1,1,"---","Fencing",2,"Attack",1,"Recovery",-3,"Guard",-5,,
"Genesis Torso Ten","123750z","Azure LaoS Spine",1,"Azure LaoS Shell",5,"Black Blos Tail",5,"Commendation",3,21,1,2,-2,3,123750,"Male","Gunner",7,1,1,"---","Recoil",3,"Load",-5,"Defense",-3,,,,
"Borealis Chest Ten","123750z","Azure LaoS Spine",1,"Azure LaoS Shell",5,"Black Blos Tail",5,"Commendation",3,42,-2,0,-4,2,123750,"Female","Blade",7,1,1,"---","Fencing",2,"Attack",1,"Recovery",-3,"Guard",-5,,
"Glyph Chest Ten","123750z","Azure LaoS Spine",1,"Azure LaoS Shell",5,"Black Blos Tail",5,"Commendation",3,21,1,2,-2,3,123750,"Female","Gunner",7,1,1,"---","Recoil",3,"Load",-5,"Defense",-3,,,,
"Golden Moon Mail","57375z","Gld Rathian Rby",1,"Gld Rthian Plate",1,"Gld Rathian Claw",3,"Gld Rathian Shl",3,40,2,-2,0,0,57375,"Male/Female","Blade",7,1,1,"---","Fate",2,"Sharpness",2,"SwdShrpner",-2,"Faint",-5,,
"Golden Moon Vest","57375z","Gld Rathian Rby",1,"Gld Rthian Plate",1,"Gld Rathian Claw",3,"Gld Rathian Shl",3,20,4,0,0,2,57375,"Male/Female","Gunner",7,1,1,"---","Fate",3,"NormalS Up",2,"Load",-4,"Worry",-2,,
"Silver Sol Mail","61875z","Slvr Rthalos Rby",1,"Slvr Rthls Plate",1,"Slvr Rthalos Shl",3,"Slv Rthls Webbng",2,42,2,2,0,-1,61875,"Male/Female","Blade",7,1,1,"---","Fencing",2,"Sharpness",1,"Faint",-5,"Fate",-2,"Recovery",-1
"Silver Sol Vest","61875z","Slvr Rthalos Rby",1,"Slvr Rthls Plate",1,"Slvr Rthalos Shl",3,"Slv Rthls Webbng",2,21,4,5,0,2,61875,"Male/Female","Gunner",7,1,1,"---","PierceSAdd",5,"Flute",1,"Health",-5,,,,
"Fatalis Hide","222222z","Ft Crmsn B-Plate",1,"Fatlis Crmsn Scl",3,"Fatalis Hvy Shl",3,"Thck Fatalis Scl",3,44,0,2,-5,2,222222,"Male/Female","Blade",7,1,1,"---","Artisan",1,"All Res Up",2,"Protection",2,"Hunger",-2,"Faint",-4
"Fatalis Skin","222222z","Ft Crmsn B-Plate",1,"Fatlis Crmsn Scl",3,"Fatalis Hvy Shl",3,"Thck Fatalis Scl",3,22,2,4,-2,4,222222,"Male/Female","Gunner",7,1,1,"---","Rapid Fire",1,"PsychicVis",2,"All Res Up",-3,"Defense",-5,,
"Battle Mail U","19750z","Firecell Stone",2,"Kut-Ku Carapace",4,"Pure Crystal",1,"Disk Stone",15,28,2,-2,0,-2,19750,"Male/Female","Blade",6,1,1,"---","PsychicVis",3,"Sharpness",1,"Sleep",-3,"Faint",-4,,
"Battle Vest U","19750z","Firecell Stone",2,"Kut-Ku Carapace",4,"Pure Crystal",1,"Dragon Seed",2,18,4,0,2,0,19750,"Male/Female","Gunner",6,1,1,"---","PsychicVis",1,"PierceSAdd",3,"Map",3,"Health",-4,,
"Leather Armor*","150z",,,,,,,,,1,2,0,0,0,150,"Male/Female","Blade/Gunner",1,1,1,"---",,,,,,,,,,
"Basarios Mail","3350z","Basarios Shell",5,"Machalite Ore",7,"Poison Sac",3,"Whetstone",20,16,0,2,-2,2,3350,"Male/Female","Blade",3,1,1,"---","Defense",2,"Sleep",2,"Poison",2,,,,
"Basarios Vest","3350z","Basarios Shell",5,"Machalite Ore",7,"Poison Sac",3,"Whetstone",20,8,2,4,0,4,3350,"Male/Female","Gunner",3,1,1,"---","Defense",2,"Sleep",2,"Poison",2,,,,
"MelahoaFlowerJacket","1150z","Dosbiscus",2,"Godbug",5,"Silver Ticket",2,"Monster Broth",5,10,0,0,0,3,1150,"Male/Female","Blade/Gunner",5,1,1,"---","Gathering",3,"PsychicVis",4,"Cold Res",-3,,,,
"Bistro Jacket","1150z","PlumFlynMealPass",1,"Well-Done Steak",10,"Egg Ticket",3,"Flabby Hide",3,10,3,0,0,0,1150,"Male/Female","Blade/Gunner",5,1,1,"---","Gluttony",7,"Fishing",4,,,,,,
"Makluva Cover","1150z","Springnight Carp",3,"Pin Tuna",30,"Cephalos Fin",4,"Book of Combos 1",1,10,0,0,0,3,1150,"Male/Female","Blade/Gunner",5,1,1,"---","MixSucRate",7,"Alchemy",4,,,,,,
"Velociprey Body","750z","Velociprey Hide",10,"Velociprey Scale",10,"Rubbery Hide",4,,,8,0,0,0,0,750,"Male/Female","Blade/Gunner",5,1,1,"---","Faint",3,"Fate",2,"PsychicVis",2,"Whim",-2,,
"Genprey Body","750z","Genprey Hide",10,"Genprey Scale",10,"Rubbery Hide",4,,,8,0,0,0,0,750,"Male/Female","Blade/Gunner",5,1,1,"---","Paralysis",3,"Whim",2,"PsychicVis",2,"MixSucRate",-2,,
"Ioprey Body","750z","Ioprey Hide",10,"Ioprey Scale",10,"Rubbery Hide",4,,,8,0,0,0,0,750,"Male/Female","Blade/Gunner",5,1,1,"---","Poison",3,"PsychicVis",2,"Backpackng",3,"Health",-2,,
"Kirin Jacket","13875z","Kirin Hide",1,"Flabby Hide",3,"Rubbery Hide",2,"Light Crystal",1,21,0,4,0,0,13875,"Male/Female","Blade",5,1,1,"---","All Res Up",2,"Recovery",2,"Protection",2,"Health",1,,
"Kirin Cape","13875z","Kirin Hide",1,"Flabby Hide",3,"Rubbery Hide",2,"Light Crystal",1,10,2,6,0,2,13875,"Male/Female","Gunner",5,1,1,"---","All Res Up",2,"Recovery",2,"Protection",2,"NormalS Up",1,,
"Yian Garuga Mail","16750z","Garuga Scale",5,"Garuga Shell",5,"Garuga Wing",1,"Genprey Hide",4,26,2,2,0,0,16750,"Male/Female","Blade",5,1,1,"---","Sharpness",3,"Spc Attack",2,"PsychicVis",1,"SwdShrpner",-3,,
"Yian Garuga Vest","16750z","Garuga Scale",5,"Garuga Shell",5,"Garuga Wing",1,"Genprey Hide",4,14,3,3,0,2,16750,"Male/Female","Gunner",5,1,1,"---","PelletS Up",2,"Health",2,"PsychicVis",1,"MixSucRate",-4,,
"Velociprey Mail D","7750z","WhtVeloprySclPc",4,"Earth Crystal",3,"Kelbi Hide",1,"Blk Gravios Crst",2,20,1,1,-1,1,7750,"Male/Female","Blade",3,1,1,"---","Gluttony",2,"WideEffect",2,"PsychicVis",2,"Poison",-3,,
"Velociprey Vest D","7750z","WhtVeloprySclPc",4,"Earth Crystal",3,"Kelbi Hide",1,"Blk Gravios Crst",2,10,3,3,0,3,7750,"Male/Female","Gunner",3,1,1,"---","Gluttony",2,"WideEffect",2,"PsychicVis",2,"Throw",2,"Health",-3
"Kut-Ku Mail D","1650z","Blue Kut-Ku Scl",5,"Blue Kut-Ku Shl",3,"Kut-Ku Webbing",1,"Sm Monster Bone",3,12,2,0,-1,-2,1650,"Male/Female","Blade",3,1,1,"---","Attack",2,"Whim",2,"Health",2,"Throw",3,"Water Res",-2
"Kut-Ku Vest D","1650z","Blue Kut-Ku Scl",5,"Blue Kut-Ku Shl",3,"Kut-Ku Webbing",1,"Sm Monster Bone",3,6,5,3,0,1,1650,"Male/Female","Gunner",3,1,1,"---","Attack",2,"Whim",2,"Health",2,"Throw",3,"Water Res",-2
"Plesioth Mail D","4150z","GrnPlesiothSclPc",2,"Lg Monster Bone",1,"Genprey Hide",5,"GrnPlesiothFinPc",2,17,-4,-4,0,4,4150,"Male/Female","Blade",3,1,1,"---","Attack",2,"Fishing",3,"Whim",3,"PsychicVis",1,"Fire Res",-2
"Plesioth Vest D","4150z","GrnPlesiothSclPc",2,"Lg Monster Bone",1,"Genprey Hide",5,"GrnPlesiothFinPc",2,9,-2,-2,1,6,4150,"Male/Female","Gunner",3,1,1,"---","Attack",2,"Fishing",3,"Whim",3,"PsychicVis",1,"Fire Res",-2
"Gravios Mail D","7750z","Blk Gravios Crst",6,"Sleep Sac",2,"Machalite Ore",3,"Rubbery Hide",2,20,2,2,0,-2,7750,"Male/Female","Blade",3,1,1,"---","Health",1,"Heat Res",1,"Map",2,"PsychicVis",1,"Gathering",-2
"Gravios Vest D","7750z","Blk Gravios Crst",6,"Sleep Sac",2,"Machalite Ore",3,"Rubbery Hide",2,10,4,3,0,1,7750,"Male/Female","Gunner",3,1,1,"---","Health",2,"Heat Res",2,"Load",2,"PsychicVis",1,"Defense",-2
"Basarios Mail+","16750z","Basarios Wing",1,"Basarios Shell",5,"Poison Sac",3,"Earth Crystal",10,26,0,2,-2,2,16750,"Male/Female","Blade",4,1,1,"---","Defense",2,"Poison",2,"Sleep",2,"Protection",-2,,
"Basarios Vest+","16750z","Basarios Wing",1,"Basarios Shell",5,"Poison Sac",3,"Earth Crystal",10,14,2,4,0,4,16750,"Male/Female","Gunner",4,1,1,"---","Defense",2,"Poison",2,"Worry",2,"Protection",-3,,
"MelahoaFlowerJacket+","2850z","King Scarab",4,"Dosbiscus",3,"Gold Ticket",2,"Monster Broth",10,15,0,0,0,3,2850,"Male/Female","Blade/Gunner",5,1,1,"---","Gathering",3,"PsychicVis",3,"Rec Speed",2,"Cold Res",-3,,
"Bistro Jacket+","2850z","BmboFlynMealPass",1,"Gourmet Steak",10,"Egg Ticket",4,"Flabby Hide",5,15,3,0,0,0,2850,"Male/Female","Blade/Gunner",5,1,1,"---","Gluttony",5,"Hunger",3,"Fishing",1,"Sleep",-2,,
"Makluva Cover+","2850z","Speartuna",1,"Springnight Carp",4,"Cephalos Fin",4,"Book of Combos 1",1,15,0,0,0,3,2850,"Male/Female","Blade/Gunner",5,1,1,"---","MixSucRate",5,"Water Res",3,"Alchemy",1,"Heat Res",-2,,
"Velociprey Body+","1950z","Monster Bone+",1,"Rubbery Hide",4,"Velociprey Hide",10,"BmboFlynMealPass",1,13,0,0,0,0,1950,"Male/Female","Blade/Gunner",5,1,1,"---","Faint",4,"Fate",2,"PsychicVis",2,"Whim",-3,,
"Genprey Body+","1950z","Monster Bone+",1,"Rubbery Hide",4,"Gendrome Hide",2,"Genprey Scale",10,13,0,0,0,0,1950,"Male/Female","Blade/Gunner",5,1,1,"---","Paralysis",4,"Whim",2,"PsychicVis",2,"MixSucRate",-3,,
"Ioprey Body+","1950z","Monster Bone+",1,"Rubbery Hide",4,"Iodrome Hide",2,"Ioprey Scale",10,13,0,0,0,0,1950,"Male/Female","Blade/Gunner",5,1,1,"---","Poison",4,"PsychicVis",2,"Map",2,"Health",-3,,
"Kirin Jacket+","37125z","Kirin Hide+",1,"Kirin Hide",3,"Pale Bone",1,"Nova Crystal",1,31,0,4,0,0,37125,"Male/Female","Blade",5,1,1,"---","All Res Up",2,"Recovery",2,"Fate",2,"PsychicVis",3,"Cold Res",-2
"Kirin Cape+","37125z","Kirin Hide+",1,"Kirin Hide",3,"Pale Bone",1,"Nova Crystal",1,15,2,6,0,2,37125,"Male/Female","Gunner",5,1,1,"---","All Res Up",2,"Recovery",2,"Fate",2,"PsychicVis",3,"Cold Res",-2
"Kut-Ku Mail K","10750z","BluKutKuCarapace",5,"Blue Kut-Ku Scl",1,"Dragonite Ore",3,"Monster Bone+",2,22,2,0,-1,-2,10750,"Male/Female","Blade",4,1,1,"---","Attack",4,"BombStrUp",2,"Spc Attack",1,"Defense",-3,,
"Kut-Ku Vest K","10750z","BluKutKuCarapace",5,"Blue Kut-Ku Scl",1,"Dragonite Ore",3,"Monster Bone+",2,14,5,3,0,1,10750,"Male/Female","Gunner",4,1,1,"---","Attack",4,"Spc Attack",1,"Health",-4,,,,
"Plesioth Mail K","18250z","Grn Plesioth Fin",3,"Union Ore",3,"Cephalos Scale",3,"GrnPlesiothSclPc",3,27,-4,-4,0,4,18250,"Male/Female","Blade",4,1,1,"---","Attack",3,"Protection",2,"PsychicVis",3,"Guard",-2,,
"Plesioth Vest K","18250z","Grn Plesioth Fin",3,"Union Ore",3,"Cephalos Scale",3,"GrnPlesiothSclPc",3,15,-2,-2,1,6,18250,"Male/Female","Gunner",4,1,1,"---","Attack",3,"Protection",2,"Fate",2,"Health",-4,,
"Gravios Mail K","23250z","Blk Gravios Shl",3,"Blk Gravios Crst",4,"Lg Monster Bone",3,"Monster Bone+",3,30,2,2,0,-2,23250,"Male/Female","Blade",4,1,1,"---","Health",2,"Heat Res",3,"Flute",2,"Gathering",-1,"Recovery",-3
"Gravios Vest K","23250z","Blk Gravios Shl",3,"Blk Gravios Crst",4,"Lg Monster Bone",3,"Monster Bone+",3,15,4,3,0,1,23250,"Male/Female","Gunner",4,1,1,"---","Health",2,"Heat Res",2,"Load",2,"PsychicVis",2,"Defense",-2
"Basarios Mail S","32250z","Basrios Carapace",5,"Fire Stone",1,"Toxin Sac",3,"Dragonite Ore",10,36,0,2,-2,2,32250,"Male/Female","Blade",6,1,1,"---","Defense",3,"Worry",2,"WindPress",2,"Protection",-2,"Faint",-1
"Basarios Vest S","32250z","Basrios Carapace",5,"Fire Stone",1,"Toxin Sac",3,"Dragonite Ore",10,19,2,4,0,4,32250,"Male/Female","Gunner",6,1,1,"---","Defense",3,"Worry",2,"Poison",2,"PsychicVis",2,"Protection",-2
"MelahoaFlowerJacketS","7750z","Joiner Grasshppr",4,"Dosbiscus",4,"Platinum Ticket",2,"Monster Broth",20,20,0,0,0,3,7750,"Male/Female","Blade/Gunner",7,1,1,"---","Gathering",3,"PsychicVis",3,"Rec Speed",2,"Cold Res",-3,,
"Bistro Jacket S","7750z","PineFlynMealPass",1,"Kingmeat",1,"Egg Ticket",5,"Khezu Hide - Tan",2,20,3,0,0,0,7750,"Male/Female","Blade/Gunner",7,1,1,"---","Gluttony",4,"HiSpdGathr",3,"Sleep",-4,,,,
"Makluva Cover S","7750z","Cephalos Fin+",4,"Springnight Carp",5,"Speartuna",1,"Book of Combos 1",1,20,0,0,0,3,7750,"Male/Female","Blade/Gunner",7,1,1,"---","MixSucRate",5,"Protection",3,"Heat Res",-3,,,,
"Velociprey Body S","4950z","Velociprey Hide+",10,"Velociprey Scle+",6,"Rubbery Hide+",2,,,18,0,0,0,0,4950,"Male/Female","Blade/Gunner",7,1,1,"---","Faint",4,"Fate",2,"Flute",2,"Whim",-3,,
"Genprey Body S","4950z","Genprey Hide+",10,"Genprey Scale+",6,"Rubbery Hide+",2,,,18,0,0,0,0,4950,"Male/Female","Blade/Gunner",7,1,1,"---","Paralysis",4,"Whim",2,"WideEffect",2,"MixSucRate",-3,,
"Ioprey Body S","4950z","Ioprey Hide+",10,"Ioprey Scale+",6,"Rubbery Hide+",2,,,18,0,0,0,0,4950,"Male/Female","Blade/Gunner",7,1,1,"---","Poison",4,"PsychicVis",2,"Map",2,"Health",-3,,
"Kirin Jacket S","59625z","SpecialKirinHide",1,"Kirin Hide+",3,"Pale Khezu Steak",1,"Pure Crystal",1,41,0,4,0,0,59625,"Male/Female","Blade",7,1,1,"---","All Res Up",2,"Recovery",2,"Artisan",2,"PsychicVis",2,"Cold Res",-2
"Kirin Cape S","59625z","SpecialKirinHide",1,"Kirin Hide+",3,"Pale Khezu Steak",1,"Pure Crystal",1,21,2,6,0,2,59625,"Male/Female","Gunner",7,1,1,"---","All Res Up",2,"Recovery",2,"PierceS Up",2,"PsychicVis",2,"Cold Res",-2
"Yian Garuga Mail S","32250z","Garuga Carapace",5,"StrongGarugaWing",1,"Garuga Shell",5,"Genprey Hide+",3,36,2,2,0,0,32250,"Male/Female","Blade",7,1,1,"---","Sharpness",3,"HearProtct",2,"PsychicVis",1,"Recovery",-3,,
"Yian Garuga Vest S","32250z","Garuga Carapace",5,"StrongGarugaWing",1,"Garuga Shell",5,"Genprey Hide+",3,19,3,3,0,2,32250,"Male/Female","Gunner",7,1,1,"---","NormalS Up",2,"Spc Attack",2,"PsychicVis",1,"MixSucRate",-4,,
"Chain Mail U","4150z","Rainbow Ore",2,"Carbalite Ore",1,"Nova Crystal",1,"Iron Ore",20,17,2,-2,0,2,4150,"Male/Female","Blade/Gunner",6,1,1,"---","Gathering",2,"Protection",2,"BombStrUp",1,"PsychicVis",1,,
"Vespoid Mail U","23250z","Rainbow Insect",2,"Vspoid Razorwing",3,"Vespoid Carapace",3,"Carbalite Ore",2,30,-6,2,2,-5,23250,"Male/Female","Blade",6,1,1,"---","Poison",2,"Wide Rec",3,"PsychicVis",3,"Sleep",1,"Whim",-2
"Vespoid Vest U","23250z","Rainbow Insect",2,"Vspoid Razorwing",3,"Vespoid Carapace",3,"Carbalite Ore",2,16,-5,5,2,-4,23250,"Male/Female","Gunner",6,1,1,"---","Poison",2,"Recovery",3,"PsychicVis",3,"Sleep",1,"Whim",-2
"Hornet Mail U","23250z","Rainbow Insect",2,"Hornet Razorwing",5,"Hornet Carapace",4,"Fire Stone",1,30,-6,-5,2,-1,23250,"Male/Female","Blade",6,1,1,"---","Fate",2,"Guard",3,"Dragon Res",2,"PsychicVis",1,"Worry",-3
"Hornet Vest U","23250z","Rainbow Insect",2,"Hornet Razorwing",5,"Hornet Carapace",4,"Fire Stone",1,15,-5,-3,3,2,23250,"Male/Female","Gunner",6,1,1,"---","Fate",2,"Health",2,"Dragon Res",2,"PsychicVis",2,"Worry",-3
"Shinobi Suit (Sky)","61875z","Rainbow Ore",3,"Fatalis Strg Wng",1,"Guild Ticket",1,"Gld Rathian Scl",2,20,0,2,1,-6,61875,"Male/Female","Blade/Gunner",7,1,1,"---","PsychicVis",3,"Hunger",2,"Spc Attack",2,"Whim",-2,,
"Shinobi Suit (Sea)","61875z","Rainbow Ore",3,"Fatalis Strg Wng",1,"Guild Ticket",1,"Gld Rathian Scl",2,20,2,4,2,-5,61875,"Male/Female","Blade/Gunner",7,1,1,"---","PsychicVis",3,"Hunger",2,"Spc Attack",2,"Whim",-2,,
"Genprey Mail U","24750z","Rainbow Insect",3,"Genprey Scale+",6,"Genprey Hide+",9,"Small Goldenfish",6,31,2,3,-1,-2,24750,"Male/Female","Blade",6,1,1,"---","Paralysis",3,"SwdShrpner",2,"PsychicVis",3,"MixSucRate",-2,,
"Genprey Vest U","24750z","Rainbow Insect",3,"Genprey Scale+",6,"Genprey Hide+",9,"Small Goldenfish",6,19,4,5,0,0,24750,"Male/Female","Gunner",6,1,1,"---","Paralysis",3,"PierceS Up",2,"PsychicVis",1,"Load",-2,,
"Ioprey Mail U","27750z","Rainbow Insect",3,"Ioprey Scale+",6,"Blk Gravios Shl",4,"Joiner Grasshppr",2,33,3,-2,-1,2,27750,"Male/Female","Blade",6,1,1,"---","Poison",3,"Health",2,"All Res Up",2,"PsychicVis",3,,
"Ioprey Vest U","27750z","Rainbow Insect",3,"Ioprey Scale+",6,"Blk Gravios Shl",4,"Joiner Grasshppr",2,19,5,0,0,4,27750,"Male/Female","Gunner",6,1,1,"---","Poison",3,"BmbShotAdd",2,"PsychicVis",3,"Health",-2,,
"Steel Mail U","26250z","Rainbow Ore",3,"Pure Crystal",1,"Nova Crystal",2,"Dragonite Ore",12,32,2,-2,0,2,26250,"Male/Female","Blade",6,1,1,"---","MixSucRate",3,"PsychicVis",4,"Defense",-2,,,,
"Basarios Mail U","32250z","Basrios Carapace",5,"Firecell Stone",1,"Toxin Sac",3,"Machalite Ore",20,36,0,2,-2,2,32250,"Male/Female","Blade",6,1,1,"---","Defense",2,"Poison",2,"Guard",2,"Protection",-3,,
"Basarios Vest U","32250z","Basrios Carapace",5,"Firecell Stone",1,"Toxin Sac",3,"Machalite Ore",20,19,2,4,0,4,32250,"Male/Female","Gunner",6,1,1,"---","Defense",2,"Shot Mix",2,"PsychicVis",3,"Protection",-3,,
